ID,Name,Environmental data? Y/N/Part,"Priority (1,2,3)"
org-act-www.data.act.gov.au,www.data.act.gov.au,,
org-aodn-045b115339a0cd4f63223d1b1917ecc97b2bd4e5b47de4c5aeaee1165c505264,"Australian Government Department of Sustainability, Environment, Water, Population and Communities",Y,
org-aodn-213f47222ca004c55c19e76e51c1da4956b19487853875bf31f0571b7ae3bde5,"Defence Science and Technology Organisation (DSTO), Department of Defence (DoD), Australian Government",,
org-aodn-46f826e9d11a3e9818d345c12b8358bb4c393ebd4c9af342180605c91bcf1e10,"Global Change Data Center, Science and Exploration Directorate, Goddard Space Flight Center (GSFC) National Aeronautics and Space Administration (NASA)",Y,
org-aodn-6d5ffbab2c970417ca8fb4ee6fa4c2f44fea8961076200f854be27cc9fa9082c,"Centre for Research on Ecological Impacts of Coastal Cities (EICC), The University of Sydney (USYD)",Y,
org-aodn-7102d3bfa068f57d40866ebec2cd745d475d8d0056d553a9dab2abbff57944a6,"Department of Primary Industries, Parks, Water and Environment (DPIPWE), Tasmanian Government",Y,
org-aodn-77ef5f5349ec99191f97eee0951eb63a4d6d352b6fbd1048db28b7a458855a35,"Earth System Research Laboratory (ESRL), National Oceanic and Atmospheric Administration (NOAA)",Y,
org-aodn-AGSO-Geoscience Australia,AGSO-Geoscience Australia,Y,
org-aodn-Antarctic Climate and Ecosystems Cooperative Research Centre (ACE CRC),Antarctic Climate and Ecosystems Cooperative Research Centre (ACE CRC),Y,
org-aodn-ANZLIC the Spatial Information Council,ANZLIC the Spatial Information Council,,
org-aodn-Apache Energy - GIS Department,Apache Energy - GIS Department,Y,
org-aodn-Australia Ocean Data Centre Joint Facility (AODCJF),Australia Ocean Data Centre Joint Facility (AODCJF),Y,
org-aodn-Australian Bureau of Meteorology,Australian Bureau of Meteorology,Y,
org-aodn-Australian Bureau of Statistics (ABS),Australian Bureau of Statistics (ABS),,
org-aodn-Australian Defence Force Academy (ADFA),Australian Defence Force Academy (ADFA),,
org-aodn-Australian Geological Survey Organisation,Australian Geological Survey Organisation,Y,
org-aodn-Australian Government Department of the Environment,Australian Government Department of the Environment,Y,
org-aodn-Australian Government Department of the Environment and Heritag,Australian Government Department of the Environment and Heritag,Y,
org-aodn-Australian Institute of Marine Science (AIMS),Australian Institute of Marine Science (AIMS),Y,
org-aodn-Australian Ocean Data Centre Joint Facility,Australian Ocean Data Centre Joint Facility,Y,
org-aodn-Australian Ocean Data Centre Joint Facility (AODCJF),Australian Ocean Data Centre Joint Facility (AODCJF),Y,
org-aodn-BlueNet,BlueNet,Y,
org-aodn-BMT Oceanica,BMT Oceanica,Y,
org-aodn-Bundesamt Fur Seeschifffahrt Und Hydrographie (BSH),Bundesamt Fur Seeschifffahrt Und Hydrographie (BSH),Y,
org-aodn-Bureau of Meteorology (BOM),Bureau of Meteorology (BOM),Y,
"org-aodn-Bureau of Mineral Resources, Geology and Geophysics","Bureau of Mineral Resources, Geology and Geophysics",Y,
org-aodn-Busselton Underwater Observatory,Busselton Underwater Observatory,Y,
"org-aodn-Centre for Marine Futures, The University of Western Australia (UWA)","Centre for Marine Futures, The University of Western Australia (UWA)",Y,
"org-aodn-Centre for Tropical Waters and Aquatic Research (TropWATER), James Cook University (JCU)","Centre for Tropical Waters and Aquatic Research (TropWATER), James Cook University (JCU)",Y,
org-aodn-Coastalwatch,Coastalwatch,Y,
org-aodn-Commonwealth of Australia (Australian Geospatial-Intelligence Organisation),Commonwealth of Australia (Australian Geospatial-Intelligence Organisation),Y,
org-aodn-Commonwealth of Australia (Geoscience Australia),Commonwealth of Australia (Geoscience Australia),Y,
"org-aodn-Coral Reef Studies ARC Centre of Excellence, James Cook University","Coral Reef Studies ARC Centre of Excellence, James Cook University",Y,
"org-aodn-Crawford School of Public Policy (CSPP), The Australian National University (ANU)","Crawford School of Public Policy (CSPP), The Australian National University (ANU)",Related Policies,
org-aodn-CSIRO Marine and Atmospheric Research,CSIRO Marine and Atmospheric Research,Y,
org-aodn-CSIRO Oceans and Atmosphere - Hobart,CSIRO Oceans and Atmosphere - Hobart,Y,
"org-aodn-Department of Agriculture and Fisheries, Queensland Government","Department of Agriculture and Fisheries, Queensland Government",Y,
"org-aodn-Department of Conservation and Environment, West Australian Government","Department of Conservation and Environment, West Australian Government",Y,
org-aodn-Department of Environment and Heritage Protection,Department of Environment and Heritage Protection,Y,
"org-aodn-Department of Environment and Heritage Protection, Queensland Government","Department of Environment and Heritage Protection, Queensland Government",Y,
"org-aodn-Department of Environment and Natural Resources (DENR), Northern Territory Government","Department of Environment and Natural Resources (DENR), Northern Territory Government",Y,
org-aodn-Department of Fisheries,Department of Fisheries,Y,
"org-aodn-Department of Fisheries (DoF), Western Australian Government","Department of Fisheries (DoF), Western Australian Government",Y,
"org-aodn-Department of Fisheries, WA","Department of Fisheries, WA",Y,
"org-aodn-Department of National Parks, Sport and Racing","Department of National Parks, Sport and Racing",Part,
"org-aodn-Department of Natural Resources and Mines, Queensland Government","Department of Natural Resources and Mines, Queensland Government",Y,
"org-aodn-Department of Science, Information Technology and Innovation (DSITI), Queensland Government","Department of Science, Information Technology and Innovation (DSITI), Queensland Government",,
org-aodn-Department of Supply and Development: Mineral Resources Survey,Department of Supply and Development: Mineral Resources Survey,Y,
"org-aodn-Department of the Environment (DoE), Australian Government","Department of the Environment (DoE), Australian Government",Y,
org-aodn-Department of Transport,Department of Transport,,
org-aodn-Department of Transport (WA),Department of Transport (WA),,
"org-aodn-Department of Water (DoW), Western Australian Government","Department of Water (DoW), Western Australian Government",Y,
org-aodn-Derwent Estuary Program,Derwent Estuary Program,Y,
org-aodn-f7a0e22714e91d2fb8376b021ab46c53c68fa2af327bacfcde887d66ef805dc6,"Cockburn Sound Management Council (CSMC), Department of Environment Regulation (DER), Western Australia Government",Y,
org-aodn-Geoscience Australia,Geoscience Australia,Y,
org-aodn-Gippsland Water,Gippsland Water,Y,
org-aodn-Gold Coast Water and Waste,Gold Coast Water and Waste,Y,
org-aodn-Hydrography and METOC Branch,Hydrography and METOC Branch,Y,
org-aodn-IEA Greenhouse Gas R&D Programme,IEA Greenhouse Gas R&D Programme,Y,
"org-aodn-Institute for Marine and Antarctic Studies (IMAS), University of Tasmania (UTAS)","Institute for Marine and Antarctic Studies (IMAS), University of Tasmania (UTAS)",Y,
org-aodn-Integrated Marine Observing System (IMOS),Integrated Marine Observing System (IMOS),Y,
org-aodn-Japan Meteorological Agency (JMA),Japan Meteorological Agency (JMA),Y,
org-aodn-Kluwer Academic Publishers,Kluwer Academic Publishers,,
org-aodn-Manly Hydraulics Laboratory,Manly Hydraulics Laboratory,Y,
org-aodn-Marine Futures / UWA,Marine Futures / UWA,Y,
org-aodn-Mercator Ocean,Mercator Ocean,Y,
org-aodn-Met Office,Met Office,Y,
org-aodn-Murphy Australia Oil Pty Ltd,Murphy Australia Oil Pty Ltd,Y,
org-aodn-NASA,NASA,Y,
org-aodn-National Aeronautics and Space Administration (NASA,National Aeronautics and Space Administration (NASA,Y,
org-aodn-National Aeronautics and Space Administration (NASA),National Aeronautics and Space Administration (NASA),Y,
org-aodn-National Institute of Water and Atmospheric Research (NIWA),National Institute of Water and Atmospheric Research (NIWA),Y,
org-aodn-National Snow and Ice Data Center,National Snow and Ice Data Center,Y,
"org-aodn-National Weather Service (NWS), National Oceanic and Atmospheric Administration (NOAA)","National Weather Service (NWS), National Oceanic and Atmospheric Administration (NOAA)",Y,
"org-aodn-North Australia Research Unit (NARU), The Australian National University (ANU)","North Australia Research Unit (NARU), The Australian National University (ANU)",Y,
org-aodn-Oceanica Consulting Pty Ltd,Oceanica Consulting Pty Ltd,Y,
"org-aodn-Office of Environment and Heritage (OEH), New South Wales Government","Office of Environment and Heritage (OEH), New South Wales Government",Y,
org-aodn-Oregon State University (OSU),Oregon State University (OSU),Part,
org-aodn-OzCoasts (Geoscience Australia),OzCoasts (Geoscience Australia),Y,
"org-aodn-School of Earth and Environment (SEE), The University of Western Australia (UWA)","School of Earth and Environment (SEE), The University of Western Australia (UWA)",Y,
"org-aodn-School of Geosciences, The University of Sydney (USYD)","School of Geosciences, The University of Sydney (USYD)",Y,
"org-aodn-School of Plant Biology (SPB), The University of Western Australia (UWA)","School of Plant Biology (SPB), The University of Western Australia (UWA)",Y,
"org-aodn-School of Veterinary and Life Sciences (VLS), Murdoch University","School of Veterinary and Life Sciences (VLS), Murdoch University",Part,
"org-aodn-Scripps Institution Of Oceanography, University of California San Diego","Scripps Institution Of Oceanography, University of California San Diego",Y,
org-aodn-Southern Cross University,Southern Cross University,Part,
org-aodn-State of Queensland,State of Queensland,Part,
"org-aodn-Tasmanian Department of Primary Industries, Water and Environment","Tasmanian Department of Primary Industries, Water and Environment",Y,
org-aodn-The University of Western Australia (UWA),The University of Western Australia (UWA),Part,
org-aodn-Torres Strait Regional Authority,Torres Strait Regional Authority,Part,
"org-aodn-TropWATER, James Cook University (JCU)","TropWATER, James Cook University (JCU)",Y,
org-aodn-U.S. Geological Survey (USGS),U.S. Geological Survey (USGS),Y,
org-aodn-Water Corporation,Water Corporation,Y,
org-aodn-Woodside Energy - Corporate Environment,Woodside Energy - Corporate Environment,Y,
org-aodn-World Scientific Publishing Company,World Scientific Publishing Company,Part,
org-aurin-00ee234f-4326-4fe1-99fa-4cfa21c3d44c,City West Water Corporation,Y,
org-aurin-01469c4c-5a86-4580-bb6e-1028eea726b0,Local Government of Victoria - Hume City Council,Part,
org-aurin-01663f86-d4be-4ee9-b4b0-412f648d1da8,Ergon Energy,,
org-aurin-0183c0c5-cf6c-4634-a980-1faffdb7e9cf,Local Government of Victoria - Melton City Council,Part,
org-aurin-0546cabd-78eb-4430-9c68-598d5164f819,Government of South Australia - Department for State Development,Part,
org-aurin-06100105-2f3c-4d4d-8164-343c0698f14d,Local Government of Queensland - Townsville City Council,Part,
org-aurin-065de5ef-e30b-48ce-b14a-585441e34701,Government of Queensland - Department of Transport and Main Roads - Road Statistics,,
org-aurin-0e1447cb-c125-43b6-8716-e3b4350fae21,CoreLogic RP Data Pty Ltd - Restricted,,
org-aurin-1265a40b-83b2-4ca2-adac-222d82bfaf50,Government of New South Wales - Department of Transport,,
org-aurin-130d594e-270f-4168-b4da-4208fa0ae09c,University of Adelaide - Australian Population and Migration Research Centre,,
org-aurin-172c888b-eb12-4431-b8a0-31e4b2b83099,Healthdirect Australia Ltd,,
org-aurin-18470760-627b-4058-baa1-5e0c3baefc7e,"Government of Victoria - Department of State Development, Business and Innovation",Part,
org-aurin-18de49fe-5e46-4bc3-ad7a-b609dd26d5c1,"Government of Victoria - Department of Environment, Land, Water and Planning",Y,
org-aurin-195f549d-9667-42d0-b85d-b30146b61afe,Government of Queensland - Queensland Treasury and Trade,Part,
org-aurin-1e76f82f-8f83-4474-9bf7-c3cb10c3f94d,Victorian Planning Authority,Part,
org-aurin-226c5d85-4468-4b72-a7a2-9811b4ad4f58,South East Water Corporation,Y,
org-aurin-2392765e-6720-4586-8426-ae21c3c54a4c,Government of South Australia - RenewalSA,Part,
org-aurin-27c71c56-1a23-4ae0-9e64-7a33da9a81e9,Energy Supply Association of Australia,Part,
org-aurin-2af84936-46a0-430e-9e7c-317107848692,Melbourne Water Corporation,Part,
org-aurin-31af2287-e969-4eb1-8e1a-bb9c6a237315,Regional Australia Institute,Part,
org-aurin-33a68f73-ccb8-4193-a71f-2dce20240532,Local Government of Victoria - Brimbank City Council,Part,
org-aurin-352b7845-2c21-4b07-b09c-84d4076399e7,Australian Children's Education and Care Quality Authority (ACECQA),,
org-aurin-36f73d1f-c68b-4efc-8322-75da42bd4cd2,National Information Communications Technology Australia Ltd,,
org-aurin-37e81d3a-dcc1-47ef-a1c2-ef7c52fe0f2a,Government of the Australian Capital Territory - Department of Education and Training,,
org-aurin-38ac590b-ce08-4334-bb16-5643ea33f35e,National Health Performance Authority,,
org-aurin-3f3a5edf-1eea-46ea-8efe-df7446618e14,Government of Victoria - State Revenue Office,,
org-aurin-43f00040-de29-4b10-9f11-9b320b9a399a,Government of New South Wales - Fair Trading,,
org-aurin-47f2eb18-749e-4d2b-85c6-bc9172007520,Government of Queensland - Department of Environment and Heritage Protection,Part,
org-aurin-48c4126d-a099-4391-a651-cb25b9e1ca8e,Conservation Volunteers Australia,Part,
org-aurin-53b2da35-b915-4bad-8a58-00086dea5e5b,University of Newcastle - Centre of Full Employment and Equity,Part,
org-aurin-550df510-cd9c-47ea-825b-09c4c71dcee2,"Government of South Australia - Department of Planning, Transport and Infrastructure",Part,
org-aurin-557de3e7-e56b-49a3-8833-b002206cd0e1,Government of the Commonwealth of Australia - National Water Commission,Part,
org-aurin-594d9e5c-5475-44fe-aa8a-6ddc1d8b88eb,Government of South Australia - SA Health,Part,
org-aurin-5976d028-be60-4461-bb80-59aae1873199,University of Queensland - eResearch Group,Part,
org-aurin-5acdecd8-8a2c-4115-94ca-298caf144f6a,Government of Victoria - VicRoads,Part,
org-aurin-5b1f4322-f1db-4c64-937c-5624b18e8ddb,Government of Victoria - Environment Protection Authority,Y,
org-aurin-5c1bea61-e8b8-4abb-9c1c-f0293d049139,Australian Energy Market Operator,,
org-aurin-6070aa13-145c-4090-ac5e-cbf504dfdcc7,Government of Victoria - Crime Statistics Agency,,
org-aurin-615179fe-874a-4ccf-9e1c-e681533a1519,Clean Air and Urban Landscapes Hub (CAUL),Part,
org-aurin-6e99dd6d-7f34-44d8-91cf-42e8bc5634c9,Government of Victoria - VicHealth,,
org-aurin-6fdd57b6-c485-48b4-8ab0-f9f6d9485167,Energex,Part,
org-aurin-71e78a13-a579-4dd2-80c8-ae4bdd97a1ed,Government of Victoria - Victorian Commission for Gambling and Liquor Regulation,,
org-aurin-739138ef-bf92-4e6c-9f58-73b44d96b185,Australian Property Monitors,,
org-aurin-7ac0d99c-b116-4c0a-9d61-9fcab7b2fd40,Australian Government - Department of Social Services,,
org-aurin-7d2aa882-98bc-40a1-947b-e5d313b882a1,Torrens University Australia - Public Health Information Development Unit,,
org-aurin-7e2fac95-6db7-4633-8a6b-f8886f0e2321,Bicycle Network,,
org-aurin-82d42aec-6fde-4f6f-94fc-ee89cc941608,Victoria State Government - Department of Treasury and Finance,,
org-aurin-8417d014-5322-4b09-b19f-80a92d8bfc9c,Australian Curriculum Assessment and Reporting Authority,,
org-aurin-872f12f8-9547-4f8d-9619-b0aec91f472f,University of Canberra - National Centre for Social and Economic Modelling,,
org-aurin-8c693cb4-68eb-44b6-9c10-d49e566d4cd2,OpenStreetMap,,
org-aurin-8c86fb58-5137-410c-b040-42bb4635d8cb,Government of the Commonwealth of Australia - Australian Institute of Health and Welfare,,
org-aurin-8f57fd48-810a-4276-9650-898fa4e3d3e0,University of New South Wales - City Futures Research Centre,,
org-aurin-94be8e00-92d0-4d65-8432-cd5478dc4a5e,Grattan Institute,Part,
org-aurin-9ea47b22-3af4-4b11-a1d2-314bcd83b3f1,Government of South Australia - Department for Education and Child Development,,
org-aurin-9f7df453-111c-4d4e-a176-4d606980e6d0,Government of the Commonwealth of Australia - Department of Human Services,,
org-aurin-a6581c37-232a-4aa0-aef1-5eea5d481cf0,Government of Victoria - Department of Education and Training,,
org-aurin-a8ce26c1-7e60-42f5-903e-44817d2db79f,RP Data Pty Ltd trading as CoreLogic,,
org-aurin-a9248756-8f1f-4445-8759-3bdaa7a7b20c,Yarra Valley Water,Y,
org-aurin-a979bc6a-efd2-402f-b55d-7866b2dcd9e2,SGS Economics,,
org-aurin-a9fdde67-19f1-4514-a238-f43b99556189,Government of South Australia - Department of Environment Water and Natural Resources,Y,
org-aurin-aa90683e-e6a8-41a4-ad1d-9bc10e915f03,Griffith University - Urban Research Program,Part,
org-aurin-afef4062-405f-496c-ad96-6403f81bacff,Government of South Australia - Local Government Association of South Australia,,
org-aurin-b25bf56f-31ab-4918-b881-b9de485972c3,Government of Victoria - Department of Health and Human Services,,
org-aurin-b26ddc63-7c74-4c7a-8164-c7d0bc7ace2a,Government of Tasmania - Department of State Growth,,
org-aurin-b5edf831-e7b0-4db1-a4d9-8e9e388ba716,Government of the Commonwealth of Australia - Department of Employment,,
org-aurin-b72dd1be-6e12-4129-93b5-60171cca3520,Government of the Commonwealth of Australia - Australian Electoral Commission,,
org-aurin-b737b765-c718-49aa-8a7e-3cf8b0999394,PSMA Australia Limited,,
org-aurin-b934d818-43a9-40b0-89af-6e57066eb39c,Government of New South Wales - Department of Education,,
org-aurin-c060608b-2ba7-4e4e-8d3f-0889b586ce36,Government of the Commonwealth of Australia - Department of the Environment,Y,
org-aurin-c1f1c929-fc25-4e47-abfa-84627f5ad7f9,Government of the Commonwealth of Australia - Australian Bureau of Statistics,,
org-aurin-c649619f-0f43-4958-b2a2-b6359a4c0b83,"Government of the Australian Capital Territory - Environment, Planning and Sustainable Development Directorate",Y,
org-aurin-ca25616a-3a11-44e3-97a7-66a7cea7cd70,Local Government of Queensland - Brisbane City Council,Part,
org-aurin-cf8b6e47-2a78-469d-9d1a-757219d40858,Government of New South Wales - Department of Planning and Environment,Part,
org-aurin-d17ee73a-f977-4d2f-be06-4eaedf3b9f02,Local Government of South Australia - City of Salisbury,Part,
org-aurin-d2915425-14d0-4e30-997d-365f2f96bdfb,Local Government of Victoria - City of Melbourne,Part,
org-aurin-d317a799-a148-46bf-bfff-2ea430e15f93,Government of Queensland - Department of Education and Training,,
org-aurin-d7436f83-05d0-432a-a476-6e3e3193d92a,Government of the Commonwealth of Australia - Australian Early Development Census,,
org-aurin-d8fa727c-d515-4f5f-a03d-32be5b73aaa8,Government of Queensland - Department of Natural Resources and Mines,Part,
org-aurin-dbae0242-5511-4b28-801b-7c248a8b5a19,Central Highlands Water,Y,
org-aurin-dcc029fa-0c4a-44dd-be02-31f9bbe3d9f5,"Government of Tasmania - Department Of Primary Industries, Parks, Water And Environment",Y,
org-aurin-e12eab9e-6a6b-4ed1-9bf4-3c77bf1f5a92,Local Government of Victoria - Wyndham City Council,Part,
org-aurin-e5f8cd72-2609-4d8c-81c7-c106f4d189de,Government of Victoria - Sustainability Victoria,Part,
org-aurin-e6d87f87-838b-448c-87a9-af9d2b61b7fd,NSW Bureau of Crime Statistics and Research,,
org-aurin-e6db5956-5081-43fd-a1aa-d4cc33ef4ace,Transport Canberra and City Services Directorate,,
org-aurin-e8ac83a5-2635-46b8-b09d-66f1bc683090,Government of the Commonwealth of Australia - Geoscience Australia,Y,
org-aurin-ec81c033-7b68-42f7-b56e-866a69ce3795,Government of the Commonwealth of Australia - Attorney-Generals Department,,
org-aurin-f0c8aee7-9cc8-4833-a7dc-1422d8fad627,Jemena,Part,
org-aurin-f4afba43-c66a-41bc-bef3-12056a40bacf,Government of the Commonwealth of Australia - Australian Business Register,,
org-aurin-f805be65-8544-4cee-bdf4-35446a12480e,Government of South Australia - Attorney-General's Department,,
org-aurin-f861f467-e286-4830-a20a-df39891e1e3f,Clean Air Landscape,Y,
org-aurin-f92fa90a-e558-4750-8b64-099401014295,Government of South Australia - Department for Communities and Social Inclusion,,
org-aurin-fa173c72-0297-4c9f-b938-37027adaf2ea,Government of the Commonwealth of Australia - Department of the Environment and Energy,Part,
org-aurin-fbc409a5-d824-4e28-b945-2db60dea65c0,Internode Pty. Ltd.,,
org-brisbane-18f5558f-4c16-4fe2-a7a2-4f7732c6b8a6,Brisbane Parking Stations,,
org-brisbane-65a20c4d-db83-457c-a3be-460a8a3013eb,Brisbane Lifestyle,Part,
org-brisbane-7d6949a9-58a4-4e20-9e39-3fb5914ef803,Organisational Services,,
org-brisbane-a13007df-670e-4c44-823f-243e7bba6af2,City Planning and Sustainability,Part,
org-brisbane-aa7b31a6-4114-4998-a507-66ecd9dd301f,Brisbane Infrastructure,Part,
org-brisbane-c545f9ac-af07-4b67-85bd-aa93c2d028d8,Brisbane Transport,,
org-brisbane-c74c9aea-80db-46dd-b37f-baa2930b4425,City Administration and Governance,Part,
org-cerdi-6bc21c15-db34-4ea4-b7de-896ce3be4e29,City of Ballarat,Part,
org-cerdi-86122019-6562-45bc-afa9-d137d6ce0e4f,Centre for eResearch and Digital Innovation,,
org-cerdi-cc9becab-7996-46cd-a389-16942154c81c,Federation University Australia,Part,
org-dap-CSIRO,The Commonwealth Scientific and Industrial Research Organisation,Y,
org-dga-00214130-ba8f-45ca-95f6-d9d8162a508c,City of Darwin,Part,
org-dga-00c5df95-434b-4cfd-831a-133afa800a5c,"College of Marine And Environmental Sciences (CMES), James Cook University (JCU)",Y,
org-dga-01302dc0-2015-4d27-97d6-6371d57fb365,Department of Finance,,
org-dga-0177ea07-4912-4a66-938b-d2e70a36072c,International Research Institute for Climate and Society (IRI),,
org-dga-020f55c4-1cc1-4318-a322-4788e8150d6f,Australian Institute of Criminology,,
org-dga-0224ff81-d80e-46fd-b792-01cb465599c6,"Department of Applied Geology, Curtin University",Y,
org-dga-023de304-32e8-40bd-a024-c2ee27e33ed0,Department of Planning and Community Development (Vic),Part,
org-dga-033c1697-92ae-4ad3-812c-5a220377e8fc,"School of Animal Biology (SAB), The University of Western Australia (UWA)",Part,
org-dga-039999ca-2e6a-4505-876c-a2a385f6edfe,Cairns Regional Council,Part,
org-dga-0483eac0-22f2-40fd-852f-0b395167f2fe,Department of Justice (Tasmania),,
org-dga-04e0bede-450c-49c8-944f-da7f8bee9677,IP Australia,Related Patents,
org-dga-05331fe7-d3e3-4e05-b92b-ceaad7895665,RAN Hydrography and METOC Branch,Y,
org-dga-0535d9af-7742-4476-ba40-dccfa0160c51,Mitchell Shire Council,Part,
org-dga-05926e8c-aaa1-4331-9931-d95b74ad9d13,"Water Studies Centre (WSC), Monash University",Y,
org-dga-05969ec6-aad8-4fca-97a1-8e3db4a918e6,"School of Humanities and Social Sciences (SHSS), Deakin University",,
org-dga-05c4af1d-6686-42d7-ba85-bbd16c17e22c,Australian Institute of Aboriginal and Torres Strait Islander Studies (AIATSIS),Part,
org-dga-07c68246-3f02-448a-a46c-9e7afaa0527e,"Romberg Tiburon Center for Environmental Studies (RTC), San Francisco State University (SFSU)",Y,
org-dga-0804dcf8-8391-4b7d-a8b4-6e26ec0f3f9f,"School of Biological Sciences (SBS), The University of Queensland (UQ)",Y,
org-dga-0857c2ec-a204-44a5-a63a-4ee0e7767851,Emergency Services Telecommunications Authority (Victoria),Part,
org-dga-088180b8-dd66-47df-8d47-e89f15841a49,Queensland Government,Part,
org-dga-08d48eba-910a-4c49-b364-5cebe588e711,Yarra Ranges Council,Part,
org-dga-0901d410-334c-4b23-8f94-4df603eb1771,"Department of Pharmacology and Therapeutics, The University of Melbourne",,
org-dga-091054cd-c0c3-4500-94ff-db7a7ac2ee2b,"Department of Environment, Land, Water and Planning (DELWP), Victorian Government",Y,
org-dga-0aace6fb-2b97-466c-bc6e-2dc4aa596c62,"School of Life and Environmental Sciences (LES), Deakin University",Y,
org-dga-0ac05552-f29c-4aef-b752-e017374ea50f,"Cooperative Institute for Marine and Atmospheric Studies (CIMAS), University of Miami",Y,
org-dga-0d7dbea2-6de1-44ba-b97d-652ac705e4db,Environment Protection Authority (EPA) Victoria,Y,
org-dga-0d872d59-347b-40ce-914d-d9718e894a05,Moreton Bay Regional Council,Y,
org-dga-0db4fbf7-ff98-4d69-8ea4-59fd7e23b2f3,NSW Health,Part,
org-dga-0dc58ae1-167e-4c6e-9de0-75ae125cf3ba,"Crawford School of Public Policy (CSPP), The Australian National University (ANU)","Environmental
Policies",
org-dga-0e28cfeb-c4e3-45e5-b58e-3770c7cf879f,Cardinia Shire Council,Part,
org-dga-0e6a27e3-f4ef-4d13-9ad7-eb67f26ba592,Australian Customs and Border Protection Service,Part,
org-dga-0e931796-82d2-4bb9-aea2-e28ff45f0876,"School of Business, James Cook University and The Cairns Institute",,
org-dga-0ede59cd-6e31-49c7-9925-99f7fed9622f,"Global Change Institute, University of Queensland (UQ)",Part,
org-dga-0ef29e6e-1516-4152-b90c-612db77a2547,Yarra Valley Water,Y,
org-dga-0f755080-4407-4abb-8b8b-39a5534d09c2,Logan City Council,Part,
org-dga-0fa8ec2b-a64f-4959-a0a6-21c0dc19d6cd,"Cooperative Institute for Meteorological Satellite Studies (CIMSS), University of Wisconsin-Madison",Y,
org-dga-0fb2742f-043d-448d-8a81-2310099ee6d9,New South Wales Datasets,Part,
org-dga-0ff548c4-6884-4acd-99d5-2582f6cad1b4,Space Weather Services - Australian Bureau of Meteorology,Y,
org-dga-105d2180-df6a-4c0c-860e-0dc2b126bffb,Department of Finance (Western Australia),,
org-dga-11f44bcb-488b-42f0-b0f4-6a897fc8a600,"School of Marine and Tropical Biology, James Cook University (JCU)",Y,
org-dga-124eafea-a6f5-45c5-aa48-775e81647ab7,"Integrated Catchment Assessment and Management Centre (iCAM), The Australian National University (ANU)",Y,
org-dga-12b76073-aa86-49ff-b4d1-50933bc4346d,CSIRO Oceans & Atmosphere - Hobart,Y,
org-dga-13bb05b6-8d48-4c8d-9c68-4ef6c46e17e4,CSIRO Oceans & Atmosphere,Y,
org-dga-143621fb-06a6-42a7-b9fb-72f2164afa29,University of Sydney,Part,
org-dga-168d6ba5-0534-48eb-94bd-ad248bf0f2a4,"Department of Spatial Sciences, Curtin University",Part,
org-dga-183919a3-3a85-4793-be7c-32acbc83306b,CSIRO Land & Water,Y,
org-dga-18b6b47c-13fc-4d7c-b873-43b6b2e663d2,Sustainable Development Goals,Part,
org-dga-1991ac71-795d-48f5-bb2c-1a1baf97dc8d,"School of Biological Sciences (SBS), University of Tasmania (UTAS)",Part,
org-dga-1b0498d1-1990-497e-ac8b-f575ec2689f8,"School of Veterinary and Life Sciences (VLS), Murdoch University",Part,
org-dga-1c9adae3-abe1-4a19-9aa1-f81e7213b92d,Land Tasmania,Y,
org-dga-1d32be70-3734-4b95-a7bd-cfe09b89c24d,Ausgrid,Y,
org-dga-1dbec0a7-bf21-4332-b2e8-1bc1972b74df,Airborne Research Australia (ARA),Y,
org-dga-1e0647df-6289-40a2-96a3-90ea3c95d1fd,Australian Communications and Media Authority,,
org-dga-1f4f208a-4384-4317-93f9-0e4027522533,"School of Biological Sciences and Biotechnology (BSB), Murdoch University",Part,
org-dga-21451c03-b8f7-4e0b-a4d8-1e41f0976d66,City of Launceston,Part,
org-dga-215f52b9-683e-4b42-b0c3-8cfb1274e5ae,NSW Rural Fire Service,Part,
org-dga-21df9cc3-7a0a-4959-a054-620c5a7952ec,"Department of Biological Sciences, Macquarie University",Part,
org-dga-23299fd3-38bd-43ff-979b-c6b837ea8892,Brisbane City Council,Part,
org-dga-23442a5f-067a-4e22-a1db-2b98c2a32b22,Australian Radiation Protection and Nuclear Safety Agency (ARPANSA),Y,
org-dga-23a0ef5d-23d1-4ebf-b5a3-7d4058459c39,City of Boroondara,Part,
org-dga-23f904cc-9cd7-40d0-a494-c64a062bf0f7,Alpine Shire Council,Part,
org-dga-24dbb30d-362c-49b6-a007-e9bf172a8008, Data Request Default Organisation,,
org-dga-24f6ada6-f694-482f-b68f-a7cb10d7205a,Australian Broadcasting Corporation,,
org-dga-25854ea7-f4c7-440b-994e-f29d3c386cba,Central Goldfields Shire Council,Part,
org-dga-26263ca5-3da8-46ff-86fb-e0db35b83ba3,Mildura Rural City Council,Part,
org-dga-262d9dd7-c866-44bc-94b0-5cbe032c9981,Department of Health and Human Services (Tasmania),Part,
org-dga-264b467f-1a36-4c2b-b2ca-e71938c44301,West Wimmera Shire Council,Part,
org-dga-267b0761-cdc2-4642-98e0-4eef7ece3c0a,Seacare,Y,
org-dga-26a82e84-3a18-4bfe-9670-ce9467f1bb5c,Productivity Commission,Part,
org-dga-2955e3b6-6e8d-4796-b20b-bd0b6e186102,China Second Institute of Oceanography (CSIO),Y,
org-dga-2971456d-f762-435c-92e2-9932a1a319f0,Sustainability Victoria,Part,
org-dga-2a4f23f9-445c-461f-b458-bfe14cc76527,Tasmanian Museum and Art Gallery,,
org-dga-2ae4e75b-f771-4d7d-acfc-3688d3b30890,National Portrait Gallery,,
org-dga-2bfb03d8-d1e6-40e3-b3f8-71d9ac99b6f2,Toowoomba Regional Council,Part,
org-dga-2c6a810f-c9d9-496e-82d2-c26f4b66087e,Naval Oceanographic Office (NAVO),Y,
org-dga-2df7090e-2ebb-416e-8994-6de43d820d5c,Department of Health,,
org-dga-2f1f3348-a994-4ae7-b7a9-32c4440ca271,Australian Centre for International Agricultural Research (ACIAR),Y,
org-dga-2f49a37e-294b-412a-a735-66222f7acf8d,Department of Premier and Cabinet (Tasmania),,
org-dga-3045a206-18c9-465f-a01b-9a0c0b438173,Main Roads (Western Australia),,
org-dga-305fc5fa-1798-4d78-b846-faa17f39369d,Department of the Prime Minister and Cabinet,,
org-dga-30838df3-6bde-462d-8843-c980a5b27539,Colac Otway Shire,Part,
org-dga-33ee3aff-565c-4f71-a660-0f62df35399a,Reserve Bank of Australia,,
org-dga-342e8a1b-2dea-4e7a-9b98-d78edf0007ad,State Library of New South Wales,,
org-dga-3459235b-bfb7-4e13-8245-83bfafb8972e,Australian Business Register,,
org-dga-34f8a6fa-545f-447b-b126-6f8634e13b26,Department of Communications and the Arts,,
org-dga-35077b48-66e1-4c77-879d-30042fd911cd,NOAA National Marine Fisheries Service,Y,
org-dga-357060f0-4fa2-4bf8-a0c6-dac49193fafc,Melton City Council,Part,
org-dga-362d39b2-9af4-488c-becb-98e5c0513309,Wodonga City Council,Part,
org-dga-3644a320-a030-4ed8-81e9-ba26e71f57d2,Japan Agency for Marine Earth Science and Technology (JAMSTEC),Y,
org-dga-38226208-c879-4e11-9394-8228f4bf3240,Murdoch University,Part,
org-dga-3870aac3-411b-413f-a0c2-c8425244db8b,"Department of Water, Government of Western Australia",Y,
org-dga-387130b1-65a2-49c9-bdf6-834234346d01,Reef Check Australia,Y,
org-dga-38da33a7-1b73-4316-8a2c-652ad9913efe,"Department of Infrastructure Engineering, The University of Melbourne",Part,
org-dga-3965c5cd-d88f-4735-92db-af28d3ad9155,National Native Title Tribunal,Y,
org-dga-3b88407a-19b1-4e82-99ff-acd699ffb5bf,Parliament of NSW,,
org-dga-3d54ad99-850e-4d5b-814c-abf4a5d84126,Lake Macquarie City Council,Part,
org-dga-3e666ea1-f7c8-4382-a342-0e0bbc88ce9a,Australian Antarctic Division,Y,
org-dga-3ead98e9-2984-45dc-bb4a-5eea6f52843a,City of Stonnington,Part,
org-dga-3f27215a-16d6-46aa-999b-1745db17919e,Swan Hill Rural City Council,Part,
org-dga-3fc5e756-b7f6-49a5-812e-b74998a5cc18,Glen Eira City Council,Part,
org-dga-40196e8b-afc0-4671-aff1-e1f3d2562f3d,CMAR - CSIRO Marine and Atmospheric Research,Y,
org-dga-41ad65b4-4345-451c-9c4a-332b99a98247,"UWA Oceans Institute (OI), The University of Western Australia (UWA)",Y,
org-dga-41bf4eca-a1a9-4205-949e-c43b0fe19d17,Ipswich City Council,Part,
org-dga-427129a8-ed9c-4416-8f7b-e9a3357344ab,Hindmarsh Shire Council,Part,
org-dga-43135748-697b-4e57-8ba1-fd95650bb2c5,Resource Management and Conservation,Y,
org-dga-457f8933-438e-4fe5-aca4-4f774d541fd9,South Australian Research and Development Institute,Part,
org-dga-45e2f2ad-b25d-4800-8621-9d42c722aafb,Conservation Council of Western Australia (CCWA),Y,
org-dga-48dbeec9-28e0-4f01-9709-83cf5877b62d,"School of Earth and Environmental Sciences, James Cook University (JCU)",Y,
org-dga-4ae527e3-acf0-4e64-b8fa-109cdf7cc791,School Curriculum and Standards Authority (Western Australia),,
org-dga-4d394e87-ac5e-408f-9792-b4b547ad5fac,Australian Ocean Data Network - BlueNet Data,Y,
org-dga-4d907503-b2aa-4c38-ac13-1273e791cb08,Australian Charities and Not-for-profits Commission,,
org-dga-4dfacab4-2091-44fa-bafa-236ec16b12ad,AIMS,Y,
org-dga-4dfe41b3-1c72-4508-9355-8c4fe6cf22f5,Golden Plains Shire Council,Part,
org-dga-4e52276d-9416-4783-8296-bfb0f2cef464,Australian National University,Part,
org-dga-4e704c39-2385-42e9-a7d1-5af343c358b5,City of Ballarat,Part,
org-dga-4f3982d9-6e37-4bd7-839d-66f55957df74,"Department of Civil Engineering, Monash University",Part,
org-dga-500bedc6-25af-4826-8d0b-a494e9a7866b,British Oceanographic Data Centre (BODC),Y,
org-dga-5026a089-308c-44a4-9e71-53492bd59f69,"Centre for Tropical Biodiversity and Climate Change, James Cook University",Y,
org-dga-52a106a1-bcf7-4049-a810-54c02a0d089d,"Australian Research Council Centre of Excellence for Coral Reef Studies, 0 (JCU)",Y,
org-dga-52a30c0f-238d-4d77-9b77-5138ad173c90,State Library of South Australia,,
org-dga-53a24fb3-52e7-4155-8c70-20e68cc1dde7,"ARC Centre of Excellence for Coral Reef Studies, James Cook University",Y,
org-dga-53c4750d-1439-4d9c-9553-a2cb11030341,Flinders Centre for Airborne Research/Airborne Research Australia,Part,
org-dga-53fdf7ba-8703-4a53-af30-1d5c184d4921,James Cook University,Part,
org-dga-54c16057-eb16-412b-b454-dbbc8caa0958,Private Forests Tasmania,Y,
org-dga-55b06203-14cb-41ce-90c2-c6aaa3277f75,"North Australia Research Unit (NARU), The Australian National University (ANU)",Part,
org-dga-560642cc-5e0c-4ae4-a834-ece6a1d6882c,Bureau of Meteorology (BOM),Y,
org-dga-561df689-a122-4eb3-8b1f-5778fdb2e894,CSIRO Marine and Amospheric Research,Y,
org-dga-56604b50-278d-4147-9cb0-6c39f5b2acc9,"Department of Ecology, Evolution and Environmental Biology (E3B), Columbia University",Y,
org-dga-5666db1a-1b62-4484-8ec8-350fb28bdc2f,Geoscience Australia,Y,
org-dga-58914adc-9362-4667-9b18-62f0cdf8f9c2,"Centre for Tropical Waters and Aquatic Research (TropWATER), James Cook University (JCU)",Y,
org-dga-5945a8de-5a86-46cf-89c7-0b20fe9db3e6,Workplace Gender Equality Agency (WGEA),,
org-dga-5a9f3a8e-2673-4c6e-be5b-e8f7287993c5,Australian Bureau of Agriculture and Resource Economics and Sciences,Y,
org-dga-5aa2dc11-501a-41c0-901c-4195db62c096,Department of Home Affairs,Part,
org-dga-5bdd245d-f348-460d-b6ca-cd08c367b08a,"School of Environmental Systems Engineering, The University of Western Australia (UWA)",Part,
org-dga-5cac490a-7ff5-41d5-bc63-75f3882099b4,City of Casey,Part,
org-dga-5d196744-dac3-4ada-b89c-318dcee0cac4,Yarriambiack Shire Council,Part,
org-dga-5d401ad5-020c-4611-8004-a854cb9844a2,"School of Archaeology and Anthropology, The Australian National University (ANU)",Part,
org-dga-5e504a69-118f-48da-9ef6-c3deec16b685,James Cook University (JCU),Part,
org-dga-5e64d215-6767-4fd3-962d-62d58de66553,Mscience Pty Ltd,Y,
org-dga-5feb9583-30ba-4449-b907-cdb7f00b8894,Rockhampton Regional Council,Part,
org-dga-60377ef8-2405-46b5-9464-fe400a6491d7,"Defence Science and Technology Organisation (DSTO), Department of Defence (DoD), Australian Government",Part,
org-dga-615cad5f-a580-4cbe-b7d6-9ec4d7d1d823,"School of Plant Biology (SPB) / UWA Oceans Institute (OI), The University of Western Australia (UWA)",Part,
org-dga-617192c7-5918-4f22-94e6-2a026e13d08c,"School of Environmental Sciences, Charles Sturt University (CSU)",Y,
org-dga-62432fe3-3758-4047-884f-7f0bbed7ebb4,Mansfield Shire Council,Part,
org-dga-62a06380-9407-419c-aa26-2446f44fe150,Strathbogie Shire Council,Part,
org-dga-634f858d-35ea-4277-b5df-7a2241770777,Fire & Rescue NSW,Part,
org-dga-63906420-143d-49fb-809e-5fe3a1eea99f,"Department of Parks and Wildlife (DPaW), Western Australian Government",Y,
org-dga-6414b599-7c9f-4660-8058-e69bb381afbd,"School of Environment, Griffith University (GU)",Y,
org-dga-6517a9fd-b6e2-4709-bd65-3bbb422bd976,Indian National Centre for Ocean Information Services (INCOIS),Y,
org-dga-66611fb0-4745-417e-9324-6718e94fae24,Environs Kimberley,Y,
org-dga-66a429bd-ed5a-43cf-9599-38900eb57d31,Warrnambool City Council ,Part,
org-dga-67a1895b-df7e-4202-8fd8-70ee1577b0c7,Frankston City Council,Part,
org-dga-67df5c18-d18a-4c30-8467-97be9fa6a848,Tasmania Fire Service,Part,
org-dga-693e2449-3c31-468b-a0ab-d27a8af64856,Australian Bureau of Statistics,Part,
org-dga-69f37b4c-bdf0-4c85-bd56-82fa6d6b087a,Bioregional Assessment Programme,Y,
org-dga-6a68657d-aabc-4533-884e-f3ba2db14923,Environment Protection Authority Tasmania,Y,
org-dga-6b293cc9-aaca-4783-9237-b2be7cc8328e,"TropWATER, James Cook University (TropWATER/JCU)",Y,
org-dga-6b5fb669-b57c-4c2b-818b-04d1742def95,Halfmoon Biosciences,Y,
org-dga-6bb07664-eae8-403a-b5f4-7ff0ecae41d5,"Australian Tropical Herbarium, James Cook University (ATH/JCU)",Y,
org-dga-6c45b504-5353-490f-bb88-0c582e4e9301,Victoria Police,,
org-dga-6c63f638-13f7-4461-a13a-b47cb1d98320,"School of Marine and Tropical Biology, James Cook University",Y,
org-dga-6cd91ebf-9611-4f49-bd58-6a9d058b40a6,"Department of Water (DoW), Western Australian Government",Y,
org-dga-6d0339b1-7dae-4df0-bda5-904ba070a012,City of Port Phillip,Part,
org-dga-6d9deecd-3e4a-4c23-9fb6-3a3f6af6557a,National Archives of Australia,Part,
org-dga-6dedc5ae-02f3-4c38-bb9f-c4e2d028f7aa,Macedon Ranges Shire Council,Part,
org-dga-6e591d3d-4523-48dc-ba0e-ad5622202694,Department of Health and Human Services,Part,
org-dga-6e77df5e-5165-41af-bb13-20bfba2642ad,"Ocean Technology Group (OTG), The University of Sydney (USYD)",Y,
org-dga-6e86fc95-6b8f-4e62-a2d9-473115cbd1bc,TasGRN Project,Part,
org-dga-6f228371-1dc8-4b31-9008-06e8b72123e4,Public Sector Commission (Western Australia),,
org-dga-6faaf8e8-19c7-4329-9843-d390becec290,Noosa Shire Council,Part,
org-dga-706d6bc5-d5ff-43ea-bc47-8f57099e55ad,"TropWATER, James Cook University",Y,
org-dga-70b80f60-bf04-4f08-9375-326d4b39a095,Department of Sustainability and Environment,Y,
org-dga-71643eed-5cdb-4235-9f03-88e79298bb9d,Fraser Coast Regional Council,Part,
org-dga-719af507-ba42-41b2-af0b-14402901e694,Murray-Darling Basin Authority,Y,
org-dga-72dabca0-7555-44f8-8041-fd91c84a3f36,City of Monash,Part,
org-dga-72fbe22f-a6b8-473f-983c-e0a8ecf02838,Antarctic Climate and Ecosystems Cooperative Research Centre,Y,
org-dga-73448ec8-7567-44fa-9f5f-64a6ca16070f,Mineral Resources Tasmania,Y,
org-dga-73912440-ef5d-48d0-967d-4f25bc52fb09,French Institution for Exploitation of the Sea (IFREMER),Y,
org-dga-742235a9-e1c5-42c2-9ba9-724692df3a46,Arts Victoria,,
org-dga-7445504e-47e0-499e-befa-718d6d8e6b8e,Manly Hydraulics Laboratory (MHL),Y,
org-dga-746366d7-5ef1-410e-9310-862d78b12ec1,National Aeronautics and Space Administration Jet Propulsion Laboratory (NASA JPL),Part,
org-dga-74ca1074-65f3-430b-8aff-86ef21e764f5,Australian Sports Commission,,
org-dga-75266ba1-57c4-429b-96d5-84c8b7a57113,Oceanweather Inc.,Y,
org-dga-7575ccb3-ce6b-4aa2-a69b-8b620fe55b55,Department of the Environment and Energy,Part,
org-dga-758f5af4-e856-43fe-82a7-fb8c5d9ac5fd,Food Standards Australia New Zealand  (FSANZ),Part,
org-dga-75bf1f40-8438-4d16-8eea-862fa4190df4,"School of Marine and Tropical Biology and the Australian Centre of Excellence for Coral Reef Studies, James Cook University",Y,
org-dga-760c24b1-3c3d-4ccb-8196-41530fcdebd5,ABS Geospatial Solutions,Y,
org-dga-7749a484-3c57-4749-ac71-c0f3356bde44,"Institute for Marine and Antarctic Studies (IMAS), University of Tasmania (UTAS)",Y,
org-dga-78081348-9105-4dc7-8d38-28a1f3b3da2a,Department of Construction and Infrastructure,Part,
org-dga-7b1a15a5-c817-42c4-bbec-a10288024bab,NSW Bureau of Crime Statistics and Research,,
org-dga-7beef52b-a1e9-418e-aad8-760a3f3b2058,"Department of Primary Industries, Parks, Water and Environment (Tasmania)",Y,
org-dga-7d46dded-5451-4ebd-8513-1ce14a800a51,Australian Fisheries Management Authority,Y,
org-dga-7e30996c-0ddf-4304-8afd-65eab91ef10a,Cliffs Natural Resources,Y,
org-dga-7e9d047d-5f35-413f-8a19-7224fe56cbd1,City of Melbourne,Part,
org-dga-7ea90c62-1213-4be8-8e09-67ffabc6db4b,UNEP World Conservation Monitoring Centre,Y,
org-dga-7f2583b5-d3fe-44b1-a41a-d069327b73ca,Australian Prudential Regulation Authority,,
org-dga-7f4ec0eb-7f04-4491-bd7c-f1c21af2fd52,Wyndham City Council,Part,
org-dga-7f61ebae-53bd-4802-849c-b559199a8dd9,Glenelg Shire Council,Part,
org-dga-80ae974e-62b1-4349-9c2f-f1fb293c0804,BlueNet,Y,
org-dga-80b134ce-6b4a-4c59-92d9-1f0a7c8d04b6,LINC Tasmania,Part,
org-dga-813179e8-804c-49c1-aff6-9961e66db5d0,The University of Texas at Austin,,
org-dga-81f7a15f-e5b6-4a9a-8abe-a31f08a1f980,Northern Grampians Shire Council,Part,
org-dga-822e6b13-d551-4528-bfa3-11b76847d68d,Department of Education and Training,,
org-dga-823f40c6-4b5a-4e91-b0ff-ed737df252e7,Commonwealth Scientific and Industrial Research Organisation,Part,
org-dga-83b91f39-9ef3-44f8-b4d2-da2ea61e9097,Department of Housing (Western Australia),,
org-dga-844d5387-7b84-4689-9678-854142cc3146,"Coral Reef Studies ARC Centre of Excellence, James Cook University",Y,
org-dga-853f98f0-a165-496b-8e38-997298c3ea0b,Torres Strait Regional Authority (TSRA),Part,
org-dga-85a985be-5e7f-4251-a67b-8f95f450eb6a,Center for Marine Environmental Sciences (MARUM),Y,
org-dga-861ff5b1-95e1-44fe-a863-460a12aa73bf,Loddon Shire Council,Part,
org-dga-8749b696-cf1b-40e1-859b-61244c902576,OzCoasts (Geoscience Australia),Y,
org-dga-87bd61e3-b448-435a-b538-7f38f97e9fb0,Department of Health (Western Australia),,
org-dga-87d5b07a-5e17-4a17-89ed-a8f0a5c84232,Natural and Cultural Heritage Division,Part,
org-dga-891e1ec5-586f-4738-ade4-fd6ca2472a74,nabers,Y,
org-dga-89acfa18-f6b4-47de-856c-2570a2e72f86,"Environmental Research Center, Sohar University, Oman",Y,
org-dga-8a004b69-6411-4ddf-82f7-873df1f65113,Attorney General's Department,,
org-dga-8be15b8e-ce9a-47e7-84fa-7383d363a476,Wet Tropics Management Authority,Y,
org-dga-8c0729bc-1010-43f4-b90a-284e856936d1,Australian Pesticides and Veterinary Medicines Authority,Y,
org-dga-8c3b0534-fc98-47f8-9c15-39d5c6c5f198,Atlantic Oceanographic and Meteorological Laboratory (AOML),Y,
org-dga-8c67ca4b-8119-4ef5-a512-48d53da5104d,Australian Institute of Health and Welfare,Y,
org-dga-8c7e6ae0-0248-419b-a033-183d1da9b31e,"Centre for Marine Science and Technology, Curtin University of Technology",Y,
org-dga-8caec933-0b3d-454a-85c6-1be21f143f1f,Department of Fisheries,Y,
org-dga-8cd72667-4569-4209-9de1-cbf76835472c,Horsham Rural City Council,,
org-dga-8d593c20-3cc8-40f5-92af-bf563a0a6e2b,Hydro Electric Commission,,
org-dga-8f3bb40e-1fd6-4fac-b774-d9b8b427c9c4,Australian Seabird Group,Y,
org-dga-8f6f16fd-0192-4b14-9b34-b0302225191e,Integrated Marine Observing System (IMOS),,
org-dga-90153a8c-6a29-4068-a97d-7cf06dbef700,"Department of Industry, Innovation and Science",Part,
org-dga-9042612a-46b5-4b16-a578-8dffa7583a24,Tertiary Education Quality and Standards Agency (TEQSA),,
org-dga-90b09b36-37ef-43ea-8cb0-639db714568d,Office of the Australian Information Commissioner,,
org-dga-90d1f157-c01f-4589-93bf-600dee01996e,Australian Taxation Office,,
org-dga-910dca34-e7a2-4703-9c70-b93385ba912d,Australian Electoral Commission,,
org-dga-91b5d8b4-0113-4704-b6a9-45ceb4b61c78,"Department of Environment, Land, Water and Planning (DEWLP), Victorian Government",Y,
org-dga-92e470aa-8ca9-4296-962f-94c2dfa05d37,Curtin University,Part,
org-dga-964d75aa-c5b4-4dc4-bab4-85eb125547b0,"Centre for Marine Science and Technology (CMST), Curtin University",Y,
org-dga-9651fb94-7ee5-4fcf-ae53-75266320c3cf,FishBase,Y,
org-dga-97c6c95f-f266-4d2b-8dc6-facfe008e1da,Department of the Attorney General (Western Australia),,
org-dga-99959628-4029-4976-8db5-54b0b7b05a6e,Australian Defence Force Academy (ADFA),Part,
org-dga-9a448391-d73c-47da-9d56-472cf4a7cd90,CSIRO Division of Marine and Atmospheric Research - Hobart,Y,
org-dga-9a97484d-68de-406c-b2cf-deb0addf34c6,BMT Oceanica,Y,
org-dga-9ad7ef22-735a-45c1-9e83-0f702d56984b,ACT Government,Part,
org-dga-9b347171-f815-4274-9162-e3d605d2269a,Water Corporation,Y,
org-dga-9bbdf23a-8b7d-438c-9c92-e2bd29027639,Australian Financial Security Authority,,
org-dga-9c3aa965-622f-469f-84c9-6aab85a49097,Mosman Municipal Council,Part,
org-dga-9e029acd-7627-415c-89f6-0352f8e90404,Greater Shepparton City Council,Part,
org-dga-a089f389-55fe-4554-9280-d5c581cce0eb,"School of Earth and Environment, James Cook University",Part,
org-dga-a08ff565-70d8-437e-9b8f-292c125c4e29,Nillumbik Shire Council,Part,
org-dga-a1444ea3-7fe9-4c82-a3df-bdf66a50e248,Clean Energy Regulator,Y,
org-dga-a286239d-2733-4d1d-8e93-844ff6162b9c,"Department of National Parks, Sport and Racing",Part,
org-dga-a4086135-5b68-48e6-8b38-7cb3ecc8c63c,City of Yarra,Part,
org-dga-a45ae4a4-6d82-46fb-977a-af03adbddf0c,City of Whittlesea,Part,
org-dga-a56f8067-b250-4c32-9609-f2191dc88a3a,City of Greater Bendigo,Part,
org-dga-a612fb6a-8b3b-47cb-a4d0-bc437a665318,South Australian Governments,Part,
org-dga-a8da4fcb-bb59-400b-b630-2d908a49b815,"Department of Environment and Agriculture, Curtin University",Y,
org-dga-a9780620-e14a-40d8-9130-b2b000b555f4,SA Water,Y,
org-dga-ab892155-ab6b-4f53-b665-35df300beec9,U.S. Geological Survey (USGS),Y,
org-dga-abb655f7-a096-425c-a1f3-bbb04b1dd5c0,"Cockburn Sound Management Council (CSMC), Department of Environment Regulation (DER), Western Australia Government",Y,
org-dga-abcc1934-60e7-46b4-a9bc-70080bd9cb11,Resource Management and Conservation Division,Y,
org-dga-ad32a546-39fc-47f4-a8a3-b748e0b7de8c,Department of Veterans' Affairs,,
org-dga-ad9dab50-e932-457e-8445-96f1f65f3bf1,City of Hobart,Part,
org-dga-ae59d90a-8bb5-4314-92de-7b4598bde343,Surf Coast Shire Council,Part,
org-dga-ae813947-7bbe-4ac2-863c-7eb145c8841e,"Centre for Marine Ecosystems Research (CMER), School of Natural Sciences, Edith Cowan University (EDU)",Y,
org-dga-b071c719-105d-4514-af78-7d61bcc9936c,Department of Planning (Western Australia),Part,
org-dga-b0854fab-6fdb-40d2-adc6-75dcb2291f8c,Tax Practitioners Board,,
org-dga-b0bc5f09-19eb-4dbe-984c-1e26b4c37ded,"College of Science, Technology and Engineering (CSTE), James Cook University (JCU)",Y,
org-dga-b1995de1-2cfb-45ab-8140-b60af41a9833,Industry and Investment NSW,Part,
org-dga-b21f9ada-0726-42e7-b757-40b4bfa0153d,Southern Grampians Shire Council ,Part,
org-dga-b2cb4d25-4b48-4823-90e4-9ef21d52e422,"Centre for Tropical Biodiversity & Climate Change, James Cook University (CTBCC/JCU)",Y,
org-dga-b2e42a52-2875-435e-a113-94d72f16be4f,"Queensland Department of Science, Information Technology, Innovation and the Arts",,
org-dga-b45e5d55-9fcc-4ae0-aac6-9b24ebd786f9,Maribyrnong City Council,Part,
org-dga-b665fa1b-9567-4c92-94b9-61fb3bfc4ac3,"Maritime Division, Defence Science and Technology Group (DST Group)",Part,
org-dga-b6d618e4-ec12-4583-8ea0-c692dfb39022,Glenorchy City Council,Part,
org-dga-b8c7b99d-1aa9-4594-9a37-bb7bb349b97a,"School of Plant Biology (SPB), The University of Western Australia (UWA)",Part,
org-dga-bb36614f-d8b1-47d5-b513-1f9867c63d07,Department of Justice (Victoria),,
org-dga-bbb3b405-923a-48d4-b0e9-55ee3c9a022d,State Library of Queensland,,
org-dga-bc7f347d-796e-4916-b5bb-647fb2c81610,Brimbank City Council,Part,
org-dga-bd16a2a4-c415-45ab-8c87-42c321082f7d,Australian National Data Service,Part,
org-dga-bd7b6218-f5a5-4d37-a447-5daf2ba8e737,"School of Earth and Environment (SEE), The University of Western Australia (UWA)",Y,
org-dga-be4b3710-3ea2-4e2e-b57f-c519a817b435,Western Australian Museum (WAM),,
org-dga-bf13bbff-17f6-42fb-b3f6-9fc3540f3e49,"Research School of Asia and the Pacific (RSAP), The Australian National University (ANU)",Part,
org-dga-c1956417-4ff6-460a-af97-4754102fd2ff,State Library of Western Australia,,
org-dga-c1e37029-3a8a-4144-9fe5-8f76fb2778e0,Oceanwise,Y,
org-dga-c416b1b6-1ea1-47c3-b44a-b4586bee6e58,State of the Environment,Y,
org-dga-c49230f3-c869-4930-8de2-7a59c0165a51,"Department of Primary Industries, Parks, Water and Environment (Natural Values Conservation Branch)",Part,
org-dga-c4e3f7d5-fbe5-4f20-8692-308f60dc30b5,"Ecosystem Sciences, Commonwealth Scientific and Industrial Research Organisation (CSIRO)",Y,
org-dga-c551e7c6-9832-45e7-bc68-6a8871b40733,"School of Biological, Earth and Environmental Sciences (BEES), The University of New South Wales (UNSW)",Y,
org-dga-c5766f7d-963a-4f30-915e-f1a6f1143301,Bureau of Meteorology,Y,
org-dga-c605131a-4ab9-45da-a699-6149c9f8d66c,"School of Earth and Environmental Science, James Cook University (JCU)",Y,
org-dga-c6521c61-1f72-44df-9248-8cf26ff83bcc,"Food, Agriculture and Fisheries",Y,
org-dga-c6f852de-0de1-4823-8ede-ee7d52b4bf1b,Australian Antarctic Division (AAD),Y,
org-dga-c7097133-9762-4aef-9faf-d3eff82a5546,Department of Jobs and Small Business,,
org-dga-c776491f-79ba-4c72-be52-3216818c1dec,Australian Federal Police,,
org-dga-c795672c-9682-4234-954c-bf58efcc11be,"School of Earth and Environmental Sciences, James Cook University",Y,
org-dga-c7c77621-e9aa-4303-9211-6ca860954f2d,Department of State Growth (Tasmania),,
org-dga-c81c0b93-ee52-4029-865f-7a6784dd82f6,Korea Ocean Research and Development Institute (KORDI),,
org-dga-c84986ba-1565-4148-867f-7a62f3ee3dc1,National Research Centre for Environmental Toxicology (Entox),Y,
org-dga-c91975d7-8048-4995-9425-fe8fe96ce947,City of Greater Geelong,Part,
org-dga-c9301f4c-e741-44de-b4d4-33ac61e0eeba,City of Gold Coast,Part,
org-dga-ca6ab390-2417-4aad-893f-3d43d1c0321a,Woodside Energy - Corporate Environment,Part,
org-dga-cd2fe71e-4353-41a3-9201-05602b04110d,Australian Institute of Marine Science,Y,
org-dga-cd574697-6734-4443-b350-9cf9eae427a2,Digital Transformation Agency,,
org-dga-ce061016-2962-4770-bc71-2f8fc2ac6038,National Environmental Information Infrastructure (NEII),Y,
org-dga-cfca91a7-c3ca-4af7-a13f-8ccbd923b57e,Corangamite Catchment Management Authority,Part,
org-dga-d2bb1a01-b9db-445c-8e2b-69a3459771df,Department of Education (Tasmania),,
org-dga-d2d08c80-4061-4415-a9a3-38785972f44f,Korea Meteorological Administration (KMA),,
org-dga-d33a4fca-2ae0-4626-b676-48aaf0e8128e,Poplin Pty Ltd,,
org-dga-d3e82b0f-928f-4891-9253-787b09e7310f,"School of Civil, Environmental and Mining Engineering (CEME), The University of Western Australia (UWA)",Part,
org-dga-d62506f6-4203-4854-a817-a773b2894e10,Wimmera CMA,Part,
org-dga-d6ba23ee-815b-463f-ab59-8d6fe166376a,Japan Meteorological Agency (JMA),Y,
org-dga-d89e4884-cce3-4922-a313-a664dd97058c,Hobsons Bay City Council,Part,
org-dga-d97001e9-cde8-452e-8688-9877be4e4d3f,CSIRO Oceans and Atmosphere - Information and Data Centre,Y,
org-dga-d9df1c1b-74fa-4833-9d11-d6ffd2e313c1,Office of the Official Secretary to the Governor-General,,
org-dga-daa4d4d7-81ef-469e-a092-b15fc96d1dbe,N/A,,
org-dga-dc0025bd-58d1-41ff-8549-a3d0aa1ab0ae,"Ministerial Council for Education, Early Childhood Development and Youth Affairs",,
org-dga-dc13195a-3809-4db4-8f39-843a57a5a93e,Corangamite Shire Council ,Part,
org-dga-dd4e3aee-7541-4f23-933e-a7f4b089e9c2,National Library of Australia,Part,
org-dga-dd7976f9-81b2-4c72-b5f5-f7353472c13d,"Centre for Tropical Environmental & Sustainability Sciences, School of Marine and Tropical Biology, James Cook University (JCU)",Y,
org-dga-ddd3c3d1-9e3a-4205-86a4-07d7d0766ea0,"Biophysical Oceanography Group, School of Geography, Planning and Environmental Management, University of Queensland (UQ)",Y,
org-dga-ddd3e2d8-d0e8-4d43-a1e5-39984eb8e774,Australian Securities and Investments Commission (ASIC),,
org-dga-ddd6a046-df0f-46e8-affa-6ac89af1ef74,"TropWATER, James Cook University (JCU)",Y,
org-dga-ddeac19a-8b7d-4f5b-9e7f-3a076d9082d7,Department of Foreign Affairs and Trade,Part,
org-dga-ddebfdf6-66fb-4d3c-a51d-10e30b547420,Australian Research Council Centre of Excellence for Coral Reef Studies (JCU),Y,
org-dga-de6102e1-bc9b-401e-b15a-9bd51c43fcc3,GHD,,
org-dga-debb03ec-aecc-44eb-ba6b-fc312f446509,"Department of Infrastructure, Regional Development and Cities",Part,
org-dga-e03f9c53-d33d-4e4d-ad40-6ef0d7d7a0e8,"School of Business, James Cook University (JCU)",,
org-dga-e10361c2-341c-4c0a-9216-ab36aa54c109,Manningham City Council,Part,
org-dga-e18a6d69-d2ff-4fcf-b71a-ff86288713bd,Oregon State University (OSU),,
org-dga-e1c11081-9fa2-4631-92a7-b61143dce8f4,"Centre for Fish and Fisheries Research (CFFR), Murdoch University",Y,
org-dga-e26937e0-9410-4ba2-9077-87e54e15b804,Centre for Tropical Water & Aquatic Ecosystems Research (TropWater),Y,
org-dga-e2caaead-40b7-4122-a83e-97c405f47e6d,Bundesamt Fur Seeschifffahrt Und Hydrographie (BSH),Y,
org-dga-e324dc6a-547d-4f25-bac9-ff4c850b0d6b,Great Barrier Reef Marine Park Authority,Y,
org-dga-e5efcb47-ac01-45dd-8c27-d99dd340385c,National Aeronautics and Space Administration Goddard Space Flight Center (NASA GSFC),Part,
org-dga-e78bba0d-07ec-42fb-98ab-768072bdb4d3,"School of BioSciences, The University of Melbourne",Part,
org-dga-e89c192a-543c-4064-b066-5e65066eb1ce,National Institute of Water and Atmosphere (NIWA),Y,
org-dga-e9a9e1b2-3eca-4212-b2a3-04593de7bfce,"Centre of Excellence in Natural Resource Management (CENRM), The University of Western Australia (UWA)",Y,
org-dga-ea4bb3d6-2008-48fa-b268-189ea1319ecd,Metropolitan Fire and Emergency Services Board (VIC),Y,
org-dga-ea8a929f-13ad-4ce2-a488-3f27a9368455,City of Greater Dandenong,Part,
org-dga-eae9d341-1968-4028-aed4-96f36649fb7f,"Remote Sensing and Satellite Research Group (RSSRG), Curtin University",Y,
org-dga-ec20b46f-f3f9-426a-bb98-01d18e616c1d,"UWA Oceans Institute & UWA School of Agriculture and Environment, The University of Western Australia (UWA)",Y,
org-dga-ed2ac7eb-9a94-4b03-a967-ad6eceeb003f,"Department of Primary Industries, Parks, Water and Environment (DPIPWE)",Part,
org-dga-ee346671-3716-4761-b892-3b332b3dcedf,The University of Western Australia (UWA),Part,
org-dga-ef042d7d-0018-4f73-b0b1-bd5ec03c9621,Australian Research Council,Associated Grants,
org-dga-ef0f77cc-4acd-42ee-9a6c-a674b8d71f7b,Australia Council for the Arts,,
org-dga-efc7edf7-6085-440b-913a-74200aaa4008,The Treasury,,
org-dga-f1219769-b35a-45e2-ab38-8dbdcbe28b61,Royal Australian Navy,Part,
org-dga-f152aaa5-5491-4c82-9a7a-58aba737b860,The University of Queensland,,
org-dga-f1a810de-3f3d-4768-83e5-30bd50548dc0,Australian Transaction Reports and Analysis Centre (AUSTRAC),,
org-dga-f1e2677b-b377-42b0-a492-6dc88330a79a,Australian Public Service Commission,,
org-dga-f400d45a-14bd-4772-9d32-321bc6432f88,Department of Human Services,,
org-dga-f423d19f-63c2-4ea5-a9ef-9fa1f99f329e,City of Palmerston,Part,
org-dga-f4833158-3d11-4d3a-897e-b4e5fa9c11d0,Department of Agriculture and Water Resources,Y,
org-dga-f48e6201-c0eb-466a-885a-277408cd371e,CSIRO Land and Water Flagship,Y,
org-dga-f69258fd-cea9-4d43-be76-c320fb1f0938,"Bureau of Infrastructure, Transport and Regional Economics",,
org-dga-f7696dc3-e407-4c5f-bfaa-1f6d9ef37f17,Department of Social Services ,,
org-dga-f8463991-19e8-4c9a-9ee1-0dedcb43496f,NSW Premier's Council for Active Living,Part,
org-dga-fa8f6f56-b6be-4367-a328-711b11d596b1,Apache Energy - GIS Department,Y,
org-dga-fb2d3bad-821d-428f-9860-4b6c96269431,Department of Justice and Attorney General,,
org-dga-fba4a14a-70de-4d13-bf55-1e88e3caa018,Flinders University,Part,
org-dga-fbecaaa7-7f68-493d-b124-8da6073b3dbb,"Department of Primary Industries, Parks, Water and Environment",Part,
org-dga-fc9defa2-771b-42d1-ab50-842d4ae6f798,Tourism Research Australia,Part,
org-dga-fcde945b-6d62-4704-8f00-8e14b99ab498,Environment Protection Authority,Y,
org-dga-fcf7bd98-9e1b-4e9e-bfa3-6f3a139a9c6e,"Environment Protection Authority Victoria (EPA), Victorian Government",Y,
org-dga-fd91bf82-cdbf-4231-ba8d-fa8bb859f94e,Yara Pilbara Holdings Ltd (YPHL),,
org-dga-fde071a6-3af3-4fa0-bb00-1d8315d30b52,"Centre for Microscopy and Microanalysis, University of Queensland (UQ)",Y,
org-dga-fe42261d-62bb-475a-8f83-a0ec19555b5a,Department of Aboriginal Affairs (Western Australia),Y,
org-dga-ffac501d-1bdb-42c0-b2d2-c954973dfdc9,Broome International Airport Holdings Pty Ltd (BIAH),,
org-dga-ffe818d3-127f-4936-9cec-dc38f4e29c37,HydroNumerics Pty Ltd,Y,
org-esta-Emergency Services Telecommunications Authority,Emergency Services Telecommunications Authority,Part,
org-ga-AGSO-Geoscience Australia,AGSO-Geoscience Australia,Y,
org-ga-American Geophysical Union,American Geophysical Union,Y,
org-ga-ANU E-Press,ANU E-Press,,
org-ga-Australian Bureau of Statistics (ABS),Australian Bureau of Statistics (ABS),,
org-ga-Australian Geological Survey Organisation,Australian Geological Survey Organisation,Y,
org-ga-Australian Government Publishing Service,Australian Government Publishing Service,,
org-ga-Australian Surveying and Land Information Group,Australian Surveying and Land Information Group,Y,
"org-ga-Bureau of Geology, Geophysics and Mineral Resources","Bureau of Geology, Geophysics and Mineral Resources",Y,
org-ga-Bureau of Mineral Resources,Bureau of Mineral Resources,Y,
"org-ga-Bureau of Mineral Resources, Geology and Geophysics","Bureau of Mineral Resources, Geology and Geophysics",Y,
org-ga-Commonwealth of Australia (Australian Geospatial-Intelligence Organisation),Commonwealth of Australia (Australian Geospatial-Intelligence Organisation),Y,
org-ga-Commonwealth of Australia (Department of Defence),Commonwealth of Australia (Department of Defence),Y,
org-ga-Commonwealth of Australia (Geoscience Australia),Commonwealth of Australia (Geoscience Australia),Y,
org-ga-Commonwealth Scientific and Industrial Research Organisation (CSIRO) Australia,Commonwealth Scientific and Industrial Research Organisation (CSIRO) Australia,Y,
org-ga-Deep Exploration Technologies Cooperative Research Centre,Deep Exploration Technologies Cooperative Research Centre,Y,
org-ga-Department of Home Affairs,Department of Home Affairs,Part,
org-ga-Department of Natural Resources and Mines Queensland,Department of Natural Resources and Mines Queensland,Part,
org-ga-Department of Supply and Development: Commonwealth Copper & Bauxite Committee,Department of Supply and Development: Commonwealth Copper & Bauxite Committee,Part,
org-ga-Department of Supply and Development: Geological Branch,Department of Supply and Development: Geological Branch,Y,
org-ga-Department of Supply and Development: Mineral Resources Survey,Department of Supply and Development: Mineral Resources Survey,Y,
org-ga-Department of Supply and Shipping: Mineral Resources Survey,Department of Supply and Shipping: Mineral Resources Survey,Y,
org-ga-Department of the Interior,Department of the Interior,Part,
org-ga-Division of National Mapping,Division of National Mapping,Y,
org-ga-DMC International Imaging Ltd,DMC International Imaging Ltd,Y,
org-ga-Exploration Geophysics,Exploration Geophysics,Y,
org-ga-Geoscience Australia,Geoscience Australia,Y,
org-ga-Geoscience Australia and Bureau of Resources and Energy Economics,Geoscience Australia and Bureau of Resources and Energy Economics,Y,
"org-ga-Geoscience Australia, Canberra. Report GS2014/0090. Geological Survey of New South Wales","Geoscience Australia, Canberra. Report GS2014/0090. Geological Survey of New South Wales",Y,
org-ga-Government of South Australia (Department of Primary Industries and Regions SA),Government of South Australia (Department of Primary Industries and Regions SA),Part,
org-ga-Government of Western Australia (Department of Mines and Petroleum),Government of Western Australia (Department of Mines and Petroleum),Part,
org-ga-IEA Greenhouse Gas R&D Programme,IEA Greenhouse Gas R&D Programme,Y,
org-ga-Royal Australian Survey Corps,Royal Australian Survey Corps,Part,
org-ga-Society of Economic Geologists,Society of Economic Geologists,Part,
org-ga-Tectonophysics,Tectonophysics,Part,
org-ga-U.S. Army,U.S. Army,Part,
org-hobart-City of Hobart,City of Hobart,Part,
org-launceston-City of Launceston,City of Launceston,Part,
org-listtas-0d1c57cacfc24539f513615b7cd77feba0d25d7d4aeb9fc004922b30e93c7aaf,"Water and Marine Resources Division, Department of Primary Industries, Parks, Water & Environment",Y,
org-listtas-ACMA,ACMA,,
org-listtas-Antarctic Climate and Ecosystems Cooperative Research Centre,Antarctic Climate and Ecosystems Cooperative Research Centre,Y,
org-listtas-Birdlife Tasmania,Birdlife Tasmania,Y,
"org-listtas-Bureau of Meteorology, Tasmania and Antarctica","Bureau of Meteorology, Tasmania and Antarctica",Y,
"org-listtas-Department of Environment, Parks, Heritage and the Arts","Department of Environment, Parks, Heritage and the Arts",Y,
org-listtas-Department of Health and Human Services,Department of Health and Human Services,,
org-listtas-Department of Justice,Department of Justice,,
"org-listtas-Department of Primary Industries, Parks, Water and Environment","Department of Primary Industries, Parks, Water and Environment",Y,
"org-listtas-Department of Primary Industries, Parks, Water and Environment (DPIPWE)","Department of Primary Industries, Parks, Water and Environment (DPIPWE)",Y,
org-listtas-Department of State Growth,Department of State Growth,Part,
org-listtas-Derwent Estuary Program,Derwent Estuary Program,Y,
org-listtas-DPIPWE,DPIPWE,Y,
org-listtas-DPIPWE - Heritage Tasmania,DPIPWE - Heritage Tasmania,Y,
org-listtas-DPIPWE - Parks and Wildlife Service,DPIPWE - Parks and Wildlife Service,Y,
org-listtas-Emergency Services GIS,Emergency Services GIS,Part,
org-listtas-Environment Protection Authority,Environment Protection Authority,Y,
org-listtas-Environmental Protection Authority Tasmania - Air Section,Environmental Protection Authority Tasmania - Air Section,Y,
org-listtas-EPA Tasmania,EPA Tasmania,Y,
org-listtas-f9a168dcd0c3d08d2fa6b7ab78a92cb2dc696a822c7ae9468d0785dfa25fba9e,"Department of Primary Industries, Parks, Water and Environment (Natural Values Conservation Branch)",Y,
"org-listtas-Food, Agriculture and Fisheries","Food, Agriculture and Fisheries",Part,
org-listtas-Forestry Tasmania,Forestry Tasmania,Y,
org-listtas-Heritage Tasmania,Heritage Tasmania,Part,
org-listtas-Hydro Electric Commission,Hydro Electric Commission,Part,
org-listtas-Hydro Tasmania,Hydro Tasmania,Part,
org-listtas-Land Management Branch (RMC),Land Management Branch (RMC),Y,
org-listtas-Land Tasmania,Land Tasmania,Y,
org-listtas-Launceston City Council,Launceston City Council,Part,
org-listtas-Local Government Division,Local Government Division,Part,
org-listtas-MapMakers PTY LTD,MapMakers PTY LTD,Part,
org-listtas-Marine and Safety Tasmania,Marine and Safety Tasmania,Part,
org-listtas-Mineral Resources Tasmania,Mineral Resources Tasmania,Y,
org-listtas-Natural & Cultural Heritage Division,Natural & Cultural Heritage Division,Part,
org-listtas-Natural and Cultural Heritage Division,Natural and Cultural Heritage Division,Part,
org-listtas-Natural Values Conservation Branch,Natural Values Conservation Branch,Part,
org-listtas-Parks and Wildlife Service,Parks and Wildlife Service,Part,
org-listtas-Planning Policy Unit,Planning Policy Unit,Part,
org-listtas-Private Forests Reserves Program,Private Forests Reserves Program,Part,
org-listtas-Private Forests Tasmania,Private Forests Tasmania,Part,
org-listtas-Private Forests Tasmania  Tasmanian Government,Private Forests Tasmania  Tasmanian Government,Part,
org-listtas-Resource Management and Conservation,Resource Management and Conservation,Part,
org-listtas-Resource Management and Conservation Division,Resource Management and Conservation Division,Part,
org-listtas-Seacare,Seacare,Y,
org-listtas-State Fire Management Council,State Fire Management Council,Part,
org-listtas-Strategic Policy and Planning Division,Strategic Policy and Planning Division,Part,
org-listtas-TasGRN Project,TasGRN Project,Part,
org-listtas-Tasmania Fire Service,Tasmania Fire Service,Part,
org-listtas-Tasmanian Aquaculture and Fisheries Institute,Tasmanian Aquaculture and Fisheries Institute,Part,
org-listtas-Tasmanian Fire Service,Tasmanian Fire Service,Part,
org-listtas-Tasmanian Fire Services,Tasmanian Fire Services,Part,
org-listtas-Tasmanian Irrigation,Tasmanian Irrigation,Part,
org-listtas-Tasmanian Planning Commission,Tasmanian Planning Commission,Part,
org-listtas-TasNetworks,TasNetworks,Part,
org-listtas-TasWater,TasWater,Part,
org-listtas-University of Tasmania,University of Tasmania,Part,
org-listtas-Water and Marine Resources,Water and Marine Resources,Y,
org-logan-Logan City Council,Logan City Council,Part,
org-marlin-ANZLIC the Spatial Information Council,ANZLIC the Spatial Information Council,Metadata Standards,
org-marlin-Gold Coast Water and Waste,Gold Coast Water and Waste,Part,
org-marlin-National Aeronautics and Space Administration (NASA),National Aeronautics and Space Administration (NASA),Part,
org-melbourne-data.melbourne.vic.gov.au,data.melbourne.vic.gov.au,Part,
org-moretonbay-Moreton Bay Regional Council,Moreton Bay Regional Council,Part,
org-neii-7d37b252475c91a6258b95130206c56d580e5ed0e734765bd581404012ccf165,The geophysical data are owned by Geoscience Australia or the State/NT Geological Surveys.  Some surveys were conducted under collaborative projects between Geoscience Australia and the States/NT where ownership of the data is owned either jointly or directly by the relevant State/NT,Y,
org-neii-Australian Bureau of Meteorology,Australian Bureau of Meteorology,Y,
org-neii-Australian Government Department of the Environment,Australian Government Department of the Environment,Y,
org-neii-Australian Government Department of the Environment and Energy,Australian Government Department of the Environment and Energy,Y,
org-neii-Commonwealth of Australia (Geoscience Australia),Commonwealth of Australia (Geoscience Australia),Y,
org-neii-Geoscience Australia,Geoscience Australia,Y,
org-nsw-015152b6-7d96-4a44-bccc-4c36750ca8ed,NSW Health,Part,
org-nsw-087892ac-e9cb-4edd-960a-7adec17d196c,Upper Hunter Shire Council,Part,
org-nsw-0c2a7fc3-30de-4d79-aba3-9d9a0815eb28,NSW Food Authority,,
org-nsw-0c323f45-0546-4f43-aa19-4a45addccaa3,Department of Planning and Environment,Part,
org-nsw-1604e810-2b27-425c-8b25-6a9173d889fb,Department of Education,,
org-nsw-16a4694d-0636-46e8-b80d-df1889a3f8e2,Office of Environment and Heritage (OEH),Y,
org-nsw-19cea19f-0bf3-49b7-b3bb-3f2edebd41ce,Australian Sports Commission,,
org-nsw-24a0dded-0c24-471e-9d0b-fb03c1c458c4,The Royal Botanic Gardens and Domain Trust,Part,
org-nsw-2d9d93ca-b49c-4a0a-a939-277681880910,Tourism Research Australia,Part,
org-nsw-31c79437-dd64-4947-8222-d5060bf7ea27,Family and Community Services,,
org-nsw-34485326-4983-4e39-97d7-0038e155fb96,DPI - Water,Y,
org-nsw-36f96f5c-87ab-4293-baa3-107381a9c46d,Office of Environment and Heritage (OEH) - Office of Water,Y,
org-nsw-37829e8f-97b7-4bd8-8ec3-52f363f928fc,Lake Macquarie City Council,Part,
org-nsw-3f40066c-b503-47b8-a7b2-fb3cb241dd06,Property NSW,,
org-nsw-413339fa-bc57-4652-b81e-2e667397fe2a,Lismore City Council,Part,
org-nsw-4c792bef-ca2e-4840-8457-44b37664d04d,The Treasury,,
org-nsw-4e9cd951-9d77-4a51-a585-0d7a74c5f55c,Geographical Names Board of NSW,,
org-nsw-50b98f99-0b11-425a-a015-0277a3778512,Anti-Discrimination Board,,
org-nsw-55c1967a-3f73-419c-8ac0-d4cdbfc404aa,State Insurance Regulatory Authority,,
org-nsw-5690330e-7c79-47b0-b462-0e1bc87336de,State Library of NSW,Part,
org-nsw-572f19b0-4825-440d-950c-0f6d3c43a9a9,Dungog Shire Council,Part,
org-nsw-575f5695-7bc3-4f1a-ba2f-372b4264964d,NSW Ambulance,,
org-nsw-58253626-f4b2-4bdf-a868-098a1bb193c5,Wollongong City Council,Part,
org-nsw-5d8101a4-f6f6-4b71-89cb-b16b7f54ece1,TCorp,,
org-nsw-72135c46-84c8-4dad-895b-45a354281f7c,Australian Museum,,
org-nsw-774fb173-c03a-45a0-b9d1-a0dbfb5550ab,Parliament of NSW,,
org-nsw-7bc775f8-d41f-40cf-8259-1a7f5b660f25,City of Sydney,Part,
org-nsw-7e39771c-8628-4a45-bcce-357b14232687,NSW Rural Fire Service,Part,
org-nsw-80ec8d8a-c806-4649-b99a-b2ffabda4c04,Murray-Darling Basin Commission,Y,
org-nsw-8165cce2-93ec-4a30-803e-a24364ea4735,Public Service Commission,,
org-nsw-83ac2e16-3767-445a-ac37-98d7c152e8a8,Transport for NSW,,
org-nsw-83ec3c99-720b-414e-8895-fcb8b4770da9,Lord Howe Island Board,Part,
org-nsw-887b1596-3f21-4fec-9fe0-343d25d70818,Department of Planning and Environment,Part,
org-nsw-899f3fdc-59f7-4dd1-9a7c-2001b23fc56f,NSW Electoral Commission,,
org-nsw-8a3b047a-a2b9-42ca-8022-9e350196926e,"Department of Finance, Services and Innovation",,
org-nsw-8fbc6b8c-8045-43ce-be4c-f1ef80ef471b,Port Stephens Council,,
org-nsw-950ee77f-9bb3-498d-a166-da044d73cb26,Fire & Rescue NSW,Part,
org-nsw-9ac0b299-1fa9-4742-8209-c3f1c2303042,Bureau of Health Information,Part,
org-nsw-9c7ff457-c21c-4da7-bfc2-096d9a70ad29,Roads and Maritime Services,,
org-nsw-a1559e1d-0992-45c1-80d3-02e460716e62,Environment Protection Authority (EPA),Y,
org-nsw-a4891676-b297-4adb-9197-b46b504fad4e,Hawkesbury City Council,Part,
org-nsw-a7059c07-5aa7-4af2-9496-f6daaab950db,Narrabri Shire Council,Part,
org-nsw-ad521115-be87-427b-9c2c-5bfe8bcd6a5b,Office of Environment and Heritage,Y,
org-nsw-ae13bf3c-1bf3-41ad-a0a3-e2003b0e60be,Australian Government Department of the Environment and Energy,Part,
org-nsw-af6f99cb-a6e5-4a70-b48a-9f75297b30b4,Office of State Revenue,,
org-nsw-b049376b-0917-4a5f-bad4-54cd6dcc00be,SafeWork NSW,,
org-nsw-b20f0d58-ef1f-4999-a153-38a157d3c098,Housing NSW,,
org-nsw-b2237239-662b-4149-9bbf-bb02ed7337ae,Ausgrid,Y,
org-nsw-b225cea2-9c94-480e-b896-a80dd56f19d1,Hornsby Shire Council,Part,
org-nsw-b29d1230-5454-4255-a5e2-b4a9b0d8d266,Macquarie University,Part,
org-nsw-b2fa4536-283f-4524-a99a-be219867f407,Information and Privacy Commission,,
org-nsw-b5a180f4-cfe1-4016-a242-bc56a2324d4d,Women NSW,,
org-nsw-b7048c2e-1df7-4bc9-9017-6cdb1b8c9444,Nambucca Shire Council,,
org-nsw-bb7a0d05-fd71-40bd-bc32-3e7c371f387d,Taronga Zoo,,
org-nsw-c0fa33c2-d1bb-4907-9d44-2ae88f6bd8ad,State Archives NSW,Part,
org-nsw-c2430ebd-eff6-4b56-836f-df91d1f419a9,Fair Trading,,
org-nsw-c7d10f1c-511f-4780-9168-3c680651a7ad,NSW Office of Environment and Heritage (OEH),Y,
org-nsw-c944e776-d080-4364-8b4f-56bbe8eee682,Destination NSW,Part,
org-nsw-cb96556d-3930-489a-a1fa-2f427d503603,"Registry of Births, Deaths and Marriages",,
org-nsw-cd75492e-e68c-4c57-b448-1a61197407ba,Essential Energy,Part,
org-nsw-de1eee60-517b-482d-97d4-42fe377fced0,Legal Aid NSW,,
org-nsw-df3970c1-4e32-4e70-b201-3b4edd461420,Museum of Applied Arts and Sciences,,
org-nsw-e09c5131-b8a7-4c7f-a471-31a737a2372c,Sydney Water,Y,
org-nsw-e6c4cb98-a37c-4982-8855-656c2ea73e85,Department of Industry,Part,
org-nsw-e8db91a2-d1e1-4b5e-8403-3bb0b5b05696,Department of Premier and Cabinet,,
org-nsw-ebe46a03-7596-4a6a-9b5d-a056fa28442c,NSW Education Standards Authority,,
org-nsw-ee27c231-c7c2-41f5-9c61-7b562eb1802a,City of Ryde,Part,
org-nsw-ef1d1fcd-7f14-4e88-b9f0-ed71ca09748c,Juvenile Justice,,
org-nsw-f137f2eb-9baa-4b72-b89c-b1ca88e07cfa,Shellharbour City Council,Part,
org-nsw-f13fe5e7-9b72-45fe-b519-2a5bd604ed88,Australian Bureau of Statistics,,
org-nsw-f520d2ca-de29-4265-b79a-6d1d89d4517f,NSW Bureau of Crime Statistics and Research,,
org-nsw-ff91886b-3787-4408-bfe6-b2492ced60d9,NSW State Emergency Service,Part,
org-qld-018e12c7-8c87-4070-a74f-74a568293d66,Queensland Corrective Services,,
org-qld-0d64cfd8-9dfc-4c73-af57-ed65ea503eec,Public Service Commission,,
org-qld-4a1dd3e2-373f-45f3-be08-d932ecfaad7a,Office of the Inspector General Emergency Management,,
org-qld-51750d16-3828-4e13-a23c-6ef0c8a5eb13,Aboriginal and Torres Strait Islander Partnerships,Part,
org-qld-5fb0ed17-e6ff-469d-b37d-0c924d694938,Treasury,,
org-qld-6203164d-caca-4ee8-a248-77e1a2809302,Education,,
org-qld-6b5eddee-adbc-47bb-9a08-3f04d4c4fb46,Queensland Fire and Emergency Services,Part,
org-qld-6ff63e6e-f5cb-4ad3-bd6c-568f8167b8aa,Justice and Attorney-General,,
org-qld-832a0b69-d2ca-4566-9664-763cc4eb9fe0,"Innovation, Tourism Industry Development and the Commonwealth Games",,
org-qld-8bffe2af-6685-46c5-b594-d79ea2e9ef70,"Employment, Small Business and Training",,
org-qld-8d95fa94-9330-4f18-bd1d-723a90acebcc,Queensland Health,,
org-qld-93f12747-9561-4980-bcfd-46b9e5cc51c7,Agriculture and Fisheries,Part,
org-qld-a2a71c4b-83d0-4233-95e6-b7ae8216906f,"Natural Resources, Mines and Energy",Part,
org-qld-a39c893b-4b3d-4336-a2b3-45fade041ae6,Police,,
org-qld-a3cdcdcb-201c-4360-9fa6-98e361c89279,Environment and Science,Part,
org-qld-aeee5d55-10c2-40e0-90b1-d2b6a70503df,Premier and Cabinet,,
org-qld-b3e8d003-bcd0-4920-966c-5bc2383fa842,"Child Safety, Youth and Women",,
org-qld-c3144b4c-e3ed-4b6b-8432-b8d7a2270dba,"Local Government, Racing and Multicultural Affairs",,
org-qld-c719a91f-d335-4684-8b5d-6a0b055561d3,"Science, Information Technology and Innovation (abolished Dec 2017)",,
org-qld-cde0aede-7d4d-4a58-8ff7-e9176e087ff8,"State Development, Manufacturing, Infrastructure and Planning",,
org-qld-cdfb724d-ea07-4c55-9348-b1279b546155,Housing and Public Works,,
org-qld-d540ffc8-b2e7-4e49-814a-5237f14a1ae9,Transport and Main Roads,,
org-qld-d5607ad5-83ae-49c9-8b5e-bdd7f2f87594,Government commercial business,,
org-qld-d6c02358-f023-457d-a119-b902184ab3c5,Public Safety Business Agency,,
org-qld-e9e4bdcb-6ee5-4229-9fe9-228853c82005,Legacy datasets (not updated),,
org-qld-fbca0c56-c2c7-453d-95b1-01e3fecb7d99,"Communities, Disability Services and Seniors",,
org-sa-045e3af1-ca59-4c19-b179-5fe481dc23bb,Lotteries Commission of South Australia,,
org-sa-0962b6bc-5a7b-41b6-bd80-7b8e8bd6cfb9,Motor Accident Commission,,
org-sa-09c08e5d-4268-490f-aac6-8b1f0cbebec9,Pharmacy Regulation Authority SA (PRASA),,
org-sa-11aeddb4-2401-4826-9918-2b64445aa3c9,Riverbank Authority,Part,
org-sa-14c03fac-cdf9-470c-9155-f7eb3299aa2c,Tandanya National Aboriginal Cultural Institute,Part,
org-sa-198daaf6-76b9-4a77-841c-0e168668b475,South Australia Police,,
org-sa-21ffa74e-a5b0-41c4-83dc-5f75fa70d56c,SA Country Fire Service,Part,
org-sa-22b4a5b1-5356-43a8-ad9c-6257779c8a65,Mount Barker District Council,Part,
org-sa-266dabea-f78d-4f9c-b225-b471f71a537b,SACE Board of South Australia,Part,
org-sa-26fa97fd-fda9-48b8-aec2-8f248b51872c,City of Prospect,Part,
org-sa-272b7ece-883d-4a9a-9a8d-0d6f1f285b4d,Dept for Correctional Services,,
org-sa-2b383510-bc4b-4510-b8dc-554aff5e43f1,Dept for Communities and Social Inclusion,,
org-sa-2dded470-b1f1-49e8-a52f-839d66a0533c,City of Playford,,
org-sa-2f09ef2d-199d-4746-b46f-bfc8ed960c48,South Australian Mental Health Commission,,
org-sa-2f10eaa9-7633-4cd4-8c3e-6f8ff7c0766b,Defence SA,,
org-sa-36fd80bd-46be-4cfe-96a0-32f1ca7fc9df,South Australian Metropolitan Fire Service,Part,
org-sa-3b15b6f3-8498-48e9-81b6-c42f7cea408a,Health Performance Council (HPC),,
org-sa-3f940f35-3130-46fb-850f-89767af3113c,Zero Waste SA,Part,
org-sa-44d3d30c-bce0-4fa7-a32f-f61dc4533410,SA Health,Part,
org-sa-47dacaad-c65f-474a-b66c-b1ccce5836d2,South Australian Fire and Emergency Services Commission,Part,
org-sa-4cdbf489-c598-49f8-8761-fc036f744daa,Dept of Primary Industries and Regions,Part,
org-sa-55917bfb-2551-43de-b9b6-954648ef8040,Local Government Association of SA,Part,
org-sa-5c4d4341-d26e-45c3-9253-b76b80cc8218,City of Adelaide,Part,
org-sa-5cc5d812-6e34-4b4d-825f-8de340903803,Department for Child Protection,,
org-sa-5daabb20-e379-44e2-a913-cdf8821232ec,Adelaide Film Festival,,
org-sa-5f41ff1c-498e-498b-a47a-d8e3515ebb12,State Theatre Company South Australia,,
org-sa-6144a501-3718-44a6-9e9b-154deb04f4b7,South Australian Museum,,
org-sa-62349ca2-82c1-4138-93b9-f64fa6348f2f,Department of Treasury and Finance,,
org-sa-6c338206-4893-4bf3-916b-266c26a54b36,State Library of South Australia,Part,
org-sa-70ae78f6-f705-4da3-871a-6211ac855d12,JamFactory Contemporary Craft and Design Inc,,
org-sa-7283d145-4ed9-4455-bac1-ff7f0da7785e,Unleashed 2014 Industry and Community Data,,
org-sa-774dc75c-cfce-4040-bd52-d3893dc71090,ABS (SA Data),,
org-sa-7950709f-775e-45e4-8a43-3b8974874982,Country Arts SA,,
org-sa-7e6cfbdb-c5c0-441b-8f51-e9bc73e886ee,State Opera of South Australia,,
org-sa-81a68a0e-930c-496c-9ec7-fbdb7cb536e4,City of Mitcham,Part,
org-sa-86abb7b7-4243-4897-9b07-258b309464b1,Renewal SA,Part,
org-sa-8a4f7ba4-d077-4e08-a5f4-03e3c16c1234,Port Adelaide Enfield Council,Part,
org-sa-98f099b5-1db8-4b92-a6d6-327ffc3b3ffd,City of Salisbury Council,Part,
org-sa-996ed74e-2854-4f3f-a6af-1bf03be1456d,Windmill Theatre Co,,
org-sa-a1069fc7-bab6-49fc-8ca1-017ad8baf0d1,Health Services Charitable Gifts Board (HSCGB),,
org-sa-a2498279-b4bd-4508-a631-fcac469371f1,City of Onkaparinga,,
org-sa-a441fbb2-76fb-4545-9ac9-a9a53e5851d0,Adelaide Festival Corporation,,
org-sa-a4cf4ef3-026b-42f6-9ff6-c7fb9247a199,Adelaide Festival Centre Trust,,
org-sa-a6b7b169-9902-4abd-b2b1-6edc1c57d887,Office for Recreation and Sport,,
org-sa-a8757d09-9493-4a80-b58d-f20492c028e4,SA Water,Part,
org-sa-aaf8ea64-d431-4ff6-97a0-602f8e52c9ec,Dept for Education and Child Development,,
org-sa-ad64a970-13e0-4a26-a6ed-7b3ed2197c28,City of Tea Tree Gully,Part,
org-sa-b3d8161d-fdae-4be1-98f3-b63ad3346d99,Courts Administration Authority,,
org-sa-b52dfd1f-cb00-4b0a-a6b8-0b3662066376,"Department of Planning, Transport and Infrastructure",Part,
org-sa-c22e180c-5738-48fa-a34d-1f5675eef6a3,Attorney-General's Dept,,
org-sa-c242c368-4d76-4cb8-89d0-5d7b88f79882,Office of the Public Advocate,,
org-sa-c44cc315-6ec0-4d79-8cb5-0ca37d42152c,Location SA,,
org-sa-c7749bc0-c6c3-4a9b-8b7a-5a42599ae8c9,History Trust of South Australia,Part,
org-sa-c8f88b04-55a2-4c92-9e42-7f689ba9c3ca,City of Burnside (Local Council),Part,
org-sa-cfdfab52-5971-4e36-9a35-316814c40d2c,Dept of the Premier and Cabinet,,
org-sa-cfe53fad-7f82-4b3e-a90c-eac5eaeeed4f,Environment Protection Authority (EPA),Y,
org-sa-d38e41fd-9651-4818-b487-4e520672e850,Funds SA,,
org-sa-d63bb945-f97d-422b-9f09-c98a15f91108,City of West Torrens,Part,
org-sa-e126131d-f872-4967-9111-867e770b4507,State Records,Part,
org-sa-e1bdce35-6354-4b3c-baa5-f918e1687467,Naracoorte Lucindale Council,Part,
org-sa-ea956092-9e6e-44eb-b069-3c7ed2284098,Department of State Development,Part,
org-sa-eaa28924-3da1-4a05-ac0f-42bef1d96bc5,Health and Community Services Complaints Commissioner (HCSCC),,
org-sa-f472308e-5e13-4c92-95d6-17eab5a470c0,Department for Environment and Water,Y,
org-sa-f6597d37-3d38-403a-8a2f-cff027dc3ae7,SA Tourism Commission,Part,
org-sa-f7db1a26-e95b-498c-bd19-048498434c13,South Australian Film Corporation,,
org-sa-fa0416b3-02ec-4c29-a2f2-d550b6ab9d84,Mount Gambier Library,,
org-sa-fae34c7c-fca0-4e8e-9ffa-4119469a2948,TAFE SA,,
org-sdinsw-ANZLIC the Spatial Information Council,ANZLIC the Spatial Information Council,,
org-sdinsw-baf7bbbcdfeabacb0a17ab0eb7ff63f784f08e3d1839680f64ca16e7785bd3c6,": DFSI Spatial Services, a unit of Department Finance, Services and Innovation(DFSI), Spatial Services",,
"org-sdinsw-Department of Finance, Service and Innovation","Department of Finance, Service and Innovation",,
org-sdinsw-Department of Industry and Investment (DII),Department of Industry and Investment (DII),,
org-sdinsw-Department of Primary Industries NSW,Department of Primary Industries NSW,Part,
"org-sdinsw-DFSI Spatial Services, a unit of Department Finance, Services and Innovation","DFSI Spatial Services, a unit of Department Finance, Services and Innovation",,
org-sdinsw-DTIRIS Resources & Energy NSW,DTIRIS Resources & Energy NSW,Part,
"org-sdinsw-Fisheries NSW , Primary Industries","Fisheries NSW , Primary Industries",Part,
org-sdinsw-Land and Property Information,Land and Property Information,Part,
org-sdinsw-Land and Property Information-NSW,Land and Property Information-NSW,Part,
org-sdinsw-National Aeronautics and Space Administration (NASA),National Aeronautics and Space Administration (NASA),Part,
"org-sdinsw-NSW Department of Environment, Climate Change and Water (DECCW)","NSW Department of Environment, Climate Change and Water (DECCW)",Y,
org-sdinsw-NSW Department of Planning and Infrastructure,NSW Department of Planning and Infrastructure,Part,
org-sdinsw-NSW Office of Environment and Heritage (OEH),NSW Office of Environment and Heritage (OEH),Y,
org-sdinsw-NSW Rural Fire Service,NSW Rural Fire Service,Part,
org-sdinsw-Office of Environment and Heritage,Office of Environment and Heritage,Y,
org-sdinsw-Office of Environment and Heritage (OEH),Office of Environment and Heritage (OEH),Y,
org-sdinsw-Office of Spatial Data                        Management,Office of Spatial Data                        Management,Part,
org-sdinsw-Office of Spatial Data Management,Office of Spatial Data Management,Part,
"org-sdinsw-Spatial Services | Department of Finance, Services and Innovation (DFSI)","Spatial Services | Department of Finance, Services and Innovation (DFSI)",,
org-tern-Australian Bureau of Agricultural and Resource Economics and Sciences (ABARES),Australian Bureau of Agricultural and Resource Economics and Sciences (ABARES),Part,
org-vic-03c18378-9678-48f2-83e6-1a8358fdde36,Consumer Affairs Victoria,,
org-vic-05b9e913-311f-47fe-87f7-f4ddce514628,Arts Victoria,,
org-vic-16e1a7d0-7be3-4480-a51d-cceb060562eb,Victorian State Budget,,
org-vic-18afe3e7-4390-4ad1-9c64-c0358c2cc216,Department of Education and Early Childhood Development,,
org-vic-229e9609-933f-42fb-951b-08121497fa02,Department of Treasury and Finance,,
org-vic-26341378-602f-4280-a4b1-d0ebd3b0afb0,Department of Planning and Community Development,,
org-vic-26516d78-585c-414e-926c-2e6d3b5afa3b,Victorian Auditor General's Office,,
org-vic-285c56ca-8146-445c-9386-04b20a834d9a,VicForests,,
org-vic-2a5cabec-ee59-4e7f-88b5-ccd1a29111a1,Emergency Management Victoria,,
org-vic-342a5763-8ba0-42b0-a5d7-d3c76fc72d7c,Victorian Public Sector Commission,,
org-vic-3c4c8065-6256-4322-9596-ad91b51b5127,"Department of Economic Development, Jobs, Transport and Resources",,
org-vic-3f75376f-0021-4a43-944e-157211dbffe8,Yarra Valley Water,Y,
org-vic-47705d6f-296b-4aec-b711-4806337c0c2b,"Department of Transport, Planning and Local Infrastructure",Part,
org-vic-47bf298a-1065-4c0c-bafb-9768ed59eaf5,Melbourne Water Corporation,Y,
org-vic-4b95ad3b-7bb9-493e-a066-ee29310cac90,Public Transport Victoria,,
org-vic-69ec141d-a60f-426c-8f70-6507d6ef474a,Emergency Services Telecommunications Authority,,
org-vic-6d45b04e-ef7c-499e-a269-df9c5ed54944,Department of Health,,
org-vic-7294b9cb-3556-4c63-9551-9c430b21250c,VicRoads,,
org-vic-7891fcd2-c196-4268-92fe-e47a09da0581,Department of Primary Industries,Part,
org-vic-7bb59427-72ea-4c64-bb67-5ca6bc3c34fe,Victorian Building Authority,,
org-vic-8467d326-740f-4366-859b-5e354749403f,Ambulance Victoria,,
org-vic-84abec81-70a9-4d5c-b162-030448b27e3b,Office of the Freedom of Information Commissioner,,
org-vic-883330b3-59ed-4b09-9550-1bc9d6243d14,State Revenue Office,,
org-vic-915e600c-f35f-43f6-9ad1-8f5f19418e81,Melbourne Metro Rail Authority,,
org-vic-94fdef37-9453-4c70-9ddd-bc5c722c60b3,Sustainability Victoria,Part,
org-vic-9c3ec069-c157-4f36-b4f9-310c37093c16,Country Fire Authority,Part,
org-vic-9d0cd7fe-8795-44a3-9e09-15f047de7c0d,State Library of Victoria,Part,
org-vic-9e47a61f-3d23-4b91-ae7f-8680f8d44b3d,Department of Sustainability and Environment,Y,
org-vic-b31440c9-3f4f-4811-a968-023c9e70c897,"Department of State Development, Business and Innovation",Part,
org-vic-b443a615-b419-4fdd-a23f-045ebac1d2e5,Victorian Electoral Commission,,
org-vic-ba295df7-d201-4688-b6e4-2b57d22a080b,Department of Justice and Regulation,,
org-vic-bb9fb848-1647-48bf-b85b-4f2c54692935,Department of Environment and Primary Industries,Y,
org-vic-bfba0b8f-4b7e-4420-8478-885fdcbaba0f,Mallee Catchment Management Authority,,
org-vic-c1eac66f-214d-4ee1-83b5-f190b2f45e70,Goulburn Murray Water,Y,
org-vic-c4426628-a090-40f2-be24-ab2812cd3393,Department of Health and Human Services,,
org-vic-c7dcac58-ea8b-462c-9fc0-f8c7d11abff4,Treasury Corporation of Victoria,,
org-vic-cdc32b98-1501-4340-a6ac-e173e377de4f,Metropolitan Fire & Emergency Services Board,,
org-vic-d9384e71-a1b9-4e77-b1c9-e1ffd02a63a8,Transport Safety Victoria,,
org-vic-e18497ca-5bdf-435e-9a6f-9068a2e1a34d,Department of Premier and Cabinet,,
org-vic-e23055f0-933d-4cb1-9c30-a975d6f83872,Victoria Police,,
org-vic-e329d898-d0e7-41ad-9670-9a7756ac9438,Department of Human Services,,
org-vic-e35399d9-31f5-476d-87af-0c09dd5cd952,"Department of Environment, Land, Water & Planning",Y,
org-vic-e749660a-afb6-44f0-8aa0-e2282af5b80f,Department of Transport,,
org-vic-ee15ed9f-c17e-443c-ad9e-6ff35dfd1e2d,Aboriginal Affairs Victoria,,
org-vic-efa81b14-b8d0-4226-a4ed-b20168a3ad3c,Department of Justice,,
org-vic-f17184c9-63bc-42cd-b94f-ea3e0b2c70c0,Commonwealth Scientific and Industrial Research Organisation,Part,
org-vic-f7e96f6e-dbc2-4f19-8808-1763f282003c,Environment Protection Authority Victoria,Y,
org-vic-f9cf2b66-b0f8-4949-be88-6880c1052b63,Independent Broad-based Anti-corruption Commission,,
org-vic-fbcd6fdf-b09a-48e5-b7aa-f6a8194052ab,Transport Accident Commission,,
org-vic-ff0870cf-bdf9-40ca-b76c-4893a6bab519,Department of Education and Training,,
org-visballarat-6bc21c15-db34-4ea4-b7de-896ce3be4e29,City of Ballarat,Part,
org-visballarat-86122019-6562-45bc-afa9-d137d6ce0e4f,Centre for eResearch and Digital Innovation,,
org-visballarat-cc9becab-7996-46cd-a389-16942154c81c,Federation University Australia,Part,
org-wa-0017d2c2-babe-4a35-8cbb-ad6100cdf3d0,Main Roads Western Australia,,
org-wa-02b57ad5-5f5b-46f2-968c-9c25b015a5ed,Department of Environment Regulation,Part,
org-wa-049a3ff2-c1a2-48af-9888-c44c2789d4f2,Western Power,,
org-wa-0735e313-8274-4fd9-b7bd-917483512b55,Department of Planning,Part,
org-wa-0fc9e997-f0f2-4f11-92e2-b50f20b87c0a,University of Western Australia,Part,
org-wa-130aa9bd-ba2a-422a-bfc4-556e31b77b3b,Department of Finance,,
org-wa-1736439f-94ed-4123-a279-aa3c2ae51563,Department of Water and Environmental Regulation,Y,
org-wa-18fc074f-30c8-4c3b-a455-cafefb503ae5,Northern Agricultural Catchments Council,Part,
org-wa-1dee8bfc-4dae-4bfc-9631-732d1b97fd4e,City of Bayswater,Part,
org-wa-26f26097-1b2b-49ef-ace2-7ddd0ee26115,Department of Treasury,,
org-wa-27c84971-8cb4-4c18-b96b-d625ac50012f,Insurance Commission of Western Australia,,
org-wa-2a89538c-1fc8-4a99-a190-138291fa82da,Harvey Water,Y,
org-wa-2f5f335b-22a6-47af-99e9-ea2a75ee7096,Department of Parks and Wildlife,Part,
org-wa-2f8c7258-59d0-4d7d-b963-0b3f09f61a3c,"Department of Biodiversity, Conservation and Attractions",Part,
org-wa-32dec9d7-e838-4c2f-be20-ffd994d1269a,Landgate,Part,
org-wa-34a669c6-9865-40af-ba5f-29204207f6b0,Department of Water,Y,
org-wa-398832ff-887b-4870-a486-36e9a7f9d5d9,Australian Bureau of Statistics,,
org-wa-3fb07129-c02d-4d09-b6c3-513bc1f04cf7,Department of Mines and Petroleum,Part,
org-wa-40c10148-f47f-47ad-ba07-c3c697a4843a,Western Australian Electoral Commission,,
org-wa-464b8761-7820-487f-8e9d-a6b13955c5dc,City of Wanneroo,Part,
org-wa-5020d264-0177-4395-a51b-875580af9d05,Non-Government Organisations,,
org-wa-529ee382-005e-4c33-a9b3-76244c18d365,Office of Emergency Management,,
org-wa-5793503d-0ae5-4fec-8e03-d537ff169f01,Western Australian Marine Science Institution,Y,
org-wa-59d22ff6-19cb-461f-bc6a-ca7b125d3c34,Department of Lands,Part,
org-wa-6a8cafda-2d38-40b1-a1d8-014efcecdb57,Environmental Protection Authority,Y,
org-wa-6e988e10-ee9a-4407-aa36-ec05e9f2b4c9,South West Development Commission,Part,
org-wa-72f389a4-6219-4491-8794-064390864e44,WA State Government,Part,
org-wa-7611a523-62c3-4c13-b3e1-499ef0bcf0dc,Aboriginal Affairs Coordinating Committee,Part,
org-wa-77d11b40-42db-49d2-b513-3b4c6aae7011,Department for Child Protection and Family Support,,
org-wa-77d577a9-cd2a-44f9-83f6-7fb8553df8f7,Housing Authority,,
org-wa-78317120-93a4-44d2-b172-36d9bc79a109,Western Australian Museum,,
org-wa-7de9a8ac-963e-4a61-92af-fae68c26da2f,World Wildlife Fund for Nature,Part,
org-wa-851c07a3-bfc9-48a6-84c4-09e50b47a0dc,Forest Products Commission,Part,
org-wa-87c367bd-1927-445e-a65d-62f7a7b5ab46,Metropolitan Redevelopment Authority,,
org-wa-8bedeb5d-e846-4c01-9db2-9abe9f9819cd,State Heritage Office,Part,
org-wa-8c8f3326-a0a3-40d0-88d2-9db24d825c73,Department of Agriculture and Food WA,Part,
org-wa-8e5b4cbb-f7e6-438f-b9f3-3a2413b16113,Department of Local Government and Communities,Part,
org-wa-8f787e30-9cb0-44f9-81b3-4d9516be9afc,Horizon Power,Part,
org-wa-902cef88-f4da-4e28-a279-64f6d4179907,Department of Fisheries,Y,
org-wa-90dabb5f-d870-4436-ad3d-54b15787c0eb,Department of Aboriginal Affairs,Part,
org-wa-984102d7-041d-4903-82e7-c77abfd7286c,Department of Transport,,
org-wa-9db05c91-88a7-4669-8b07-807865146e51,Curtin University,Part,
org-wa-9f9fea51-9242-47ab-abab-7de119c4ad49,Landcorp,Part,
org-wa-a69a8d70-950d-47d5-b4eb-a47e73340a65,Department of Infrastructure and Regional Development ,Part,
org-wa-a864fe36-6aee-4a81-8273-bbe24d3ee051,Department of Health,,
org-wa-ad78781d-4387-465e-b824-a38ad9ccaf11,State Library of Western Australia,,
org-wa-b53023c1-ece0-4c85-b529-95893b8c9461,National Native Title Tribunal,,
org-wa-b60174cf-7ab0-4f49-8e01-72a2e20663d5,Department of Education,,
org-wa-b659e107-c05e-4ea8-b4ec-8f7c6d486307,Western Australia Police,,
org-wa-b94d2bac-4a22-4e1c-ab21-131baa04e120,Universities,,
org-wa-b95ec478-5e52-4212-9b1a-e3cf0d0d1e86,CSIRO,Part,
org-wa-bab90fc3-6d0b-40cf-b647-2adcac31c88b,Water Corporation,Y,
org-wa-c1ed72f0-e760-418f-9af3-795b695cdd57,Geoscience Australia,Y,
org-wa-c63813da-3362-460f-ac9c-a768e965aea6,Public Sector Commission,,
org-wa-c7225a1e-3dbb-4246-9872-49621d1525c9,Department of Regional Development,Part,
org-wa-ce20a3f8-bcd1-432f-9cb5-e4f671725595,City of Swan,Part,
org-wa-d0406810-9779-4ae2-b1dc-075eef428d68,WA State Government Regulated Organisations,Part,
org-wa-d04072d9-b62a-4f7b-9857-9672501d37fe,Department of Fire and Emergency Services,Part,
org-wa-d5e03f2e-6470-4666-a8e8-05bee608609c,Topographic Names and Address,,
org-wa-db367a59-0a5d-4674-81d3-c9e248335d47,"Department of Mines, Industry Regulation and Safety",Part,
org-wa-db7d2ab2-a15c-42fb-a6ee-adbd00495026,South Coast Natural Resource Management,Part,
org-wa-dd2e5d51-dfcd-4ac3-ba9c-84a24e58ca5f,City of Perth,Part,
org-wa-dfe6378e-cce4-4d34-bfd0-8ad0d209d0ba,Federal Government,Part,
org-wa-e66d99ad-8e33-426b-861f-592abfceb528,State Records Office of Western Australia,Part,
org-wa-e6da3d3c-e317-4ba3-a75b-2d3c4c73e662,City of Joondalup,Part,
org-wa-f016619c-250b-4bf5-bc01-6bc4c9b8c295,WA Local Government,Part,
org-wa-f6524e6a-ffb6-4fcf-a107-d65a5166baa5,Dampier Bunbury Pipeline (WA) Nominees Pty Ltd,Part,
org-wa-f9047e3b-8381-463f-9ae3-50c70d85e822,Department of Primary Industries and Regional Development,Part,
org-wa-fa5727b5-1922-421c-b426-5ed742ec3702,Public Transport Authority,,
org-wa-fb130849-5e85-4b62-8b03-f4adf149b9f1,Satellite Remote Sensing Services,Part,